user_id,total_submissions,first_sub_time,last_sub_time,unique_problems_attempted,accepted_problems,accepted_count,unique_active_days,mid_high_attempted,first_result,D_prior,acceptance_rate,Y_low_completion
1,1111,2018-09-14 14:14:53.763697+00:00,2021-07-14 01:41:36.165556+00:00,324,300,521,138,297,0,1,0.46894689468946893,0
34,27,2018-09-15 07:49:59.757672+00:00,2018-09-23 14:20:04.120065+00:00,9,8,13,4,0,-2,0,0.48148148148148145,0
35,13,2018-09-15 14:22:51.101301+00:00,2018-09-21 02:09:33.066031+00:00,6,5,7,4,4,0,1,0.5384615384615384,0
36,7,2018-09-15 14:50:48.708696+00:00,2018-09-24 03:52:25.120498+00:00,3,2,2,2,2,4,0,0.2857142857142857,1
37,19,2018-09-17 04:59:40.564744+00:00,2018-09-20 02:11:06.490465+00:00,18,18,18,3,17,0,1,0.9473684210526315,0
38,3,2018-09-15 23:11:07.846040+00:00,2018-09-15 23:13:42.327272+00:00,1,0,0,1,0,-2,0,0.0,1
39,15,2018-09-19 13:30:18.160103+00:00,2018-09-23 03:13:06.346791+00:00,8,7,7,3,6,0,1,0.4666666666666667,0
40,6,2018-09-23 04:01:09.731992+00:00,2018-09-23 09:02:01.362757+00:00,2,2,3,1,0,-1,0,0.5,1
41,20,2018-09-23 10:04:20.046309+00:00,2018-09-23 14:58:31.231295+00:00,14,12,13,1,8,0,1,0.65,0
42,6,2018-09-23 01:44:47.968508+00:00,2018-09-23 02:37:15.924895+00:00,2,2,2,1,0,-2,0,0.3333333333333333,1
43,13,2018-09-23 01:47:47.080381+00:00,2018-09-24 14:13:33.240203+00:00,11,10,10,2,3,0,1,0.7692307692307693,0
44,1,2018-09-23 02:08:49.723601+00:00,2018-09-23 02:08:49.723601+00:00,1,1,1,1,1,0,1,1.0,1
45,2,2018-09-23 01:54:01.446715+00:00,2018-09-23 02:18:33.576032+00:00,1,0,0,1,0,-2,0,0.0,1
46,8,2018-09-23 01:58:28.517257+00:00,2018-09-23 08:20:20.250868+00:00,5,3,3,1,0,0,1,0.375,1
48,36,2018-09-23 02:37:24.524756+00:00,2018-09-24 16:11:32.314349+00:00,13,11,12,2,3,0,1,0.3333333333333333,0
49,24,2018-09-23 02:31:42.831604+00:00,2018-09-24 17:27:17.986050+00:00,4,3,3,2,0,-2,0,0.125,1
50,29,2018-09-23 03:02:51.434907+00:00,2018-09-24 14:42:25.133903+00:00,9,6,7,2,5,-1,0,0.2413793103448276,0
51,66,2018-09-23 02:38:17.743892+00:00,2018-09-28 04:12:48.501273+00:00,34,31,33,3,30,-1,0,0.5,0
52,6,2018-09-23 02:38:53.734864+00:00,2018-09-23 12:01:28.231685+00:00,4,4,5,1,2,0,1,0.8333333333333334,1
53,13,2018-09-23 02:41:13.311035+00:00,2018-09-24 09:53:48.653839+00:00,6,6,9,2,0,0,1,0.6923076923076923,0
55,4,2018-09-23 02:56:31.464838+00:00,2018-09-23 07:48:10.634713+00:00,3,3,3,1,2,0,1,0.75,1
56,10,2018-09-23 02:55:05.920889+00:00,2018-09-24 05:01:27.264749+00:00,2,2,2,2,0,0,1,0.2,1
57,15,2018-09-23 02:59:52.857767+00:00,2018-09-23 12:52:21.333083+00:00,6,6,6,1,9,0,1,0.4,0
58,19,2018-09-23 07:04:28.926123+00:00,2018-09-23 13:56:57.330720+00:00,5,4,4,1,0,0,1,0.21052631578947367,1
59,20,2018-09-23 04:33:17.590094+00:00,2018-09-23 10:49:44.071714+00:00,7,7,8,1,11,0,1,0.4,0
60,4,2018-09-23 05:28:51.748397+00:00,2018-09-24 14:02:04.030122+00:00,3,2,2,2,0,0,1,0.5,1
61,8,2018-09-23 04:07:44.350819+00:00,2018-09-24 16:46:47.914682+00:00,5,5,5,2,0,0,1,0.625,0
62,4,2018-09-23 15:55:36.763600+00:00,2018-09-24 11:33:34.370712+00:00,2,0,0,2,0,-1,0,0.0,1
63,11,2018-09-23 04:16:54.711913+00:00,2018-09-23 14:49:18.213865+00:00,5,3,4,1,0,-2,0,0.36363636363636365,1
64,13,2018-09-23 07:56:46.673455+00:00,2018-09-23 14:12:12.844804+00:00,7,7,7,1,0,-1,0,0.5384615384615384,0
65,1,2018-09-23 09:06:30.163819+00:00,2018-09-23 09:06:30.163819+00:00,1,1,1,1,0,0,1,1.0,1
66,3,2018-09-23 09:42:10.035580+00:00,2018-09-25 00:26:39.777563+00:00,2,2,3,2,0,0,1,1.0,1
67,10,2018-09-23 10:13:46.310251+00:00,2018-09-23 13:17:39.582187+00:00,7,7,7,1,2,0,1,0.7,0
68,8,2018-09-23 11:52:06.277411+00:00,2018-09-25 03:44:31.392215+00:00,8,4,4,2,4,0,1,0.5,1
69,109,2018-09-23 12:19:22.416691+00:00,2018-09-24 11:27:32.243174+00:00,30,26,28,2,16,4,0,0.25688073394495414,0
70,17,2018-09-23 13:14:59.937785+00:00,2018-09-24 15:08:22.565615+00:00,10,10,11,2,7,0,1,0.6470588235294118,0
71,6,2018-09-23 15:23:58.987311+00:00,2018-09-23 16:10:05.314370+00:00,2,1,1,1,0,0,1,0.16666666666666666,1
73,2,2018-09-23 15:45:33.876911+00:00,2018-09-23 15:45:57.296591+00:00,1,1,1,1,0,0,1,0.5,1
74,5,2018-09-24 10:05:09.567186+00:00,2018-09-24 21:22:52.596951+00:00,5,5,5,1,0,0,1,1.0,0
75,8,2018-09-24 01:42:16.547306+00:00,2018-09-24 16:49:33.355634+00:00,5,5,5,1,2,0,1,0.625,0
77,19,2018-09-25 00:49:02.672651+00:00,2018-09-25 03:29:48.557731+00:00,4,2,2,1,19,0,1,0.10526315789473684,1
78,22,2018-09-25 00:50:59.841811+00:00,2018-09-25 03:44:42.572802+00:00,7,5,5,1,22,0,1,0.22727272727272727,0
80,25,2018-09-25 00:40:27.554011+00:00,2018-09-25 03:32:49.626016+00:00,9,8,8,1,23,0,1,0.32,0
81,17,2018-09-25 00:48:42.014822+00:00,2018-09-25 03:44:41.827897+00:00,4,2,2,1,17,0,1,0.11764705882352941,1
82,36,2018-09-25 00:47:24.361925+00:00,2018-09-25 03:36:30.408624+00:00,6,4,4,1,36,0,1,0.1111111111111111,1
83,14,2018-09-25 01:40:25.696128+00:00,2018-09-25 03:44:50.103467+00:00,3,2,2,1,14,-2,0,0.14285714285714285,1
84,24,2018-09-25 00:50:41.009592+00:00,2018-09-25 03:42:15.167370+00:00,5,3,3,1,24,0,1,0.125,1
87,44,2018-09-25 00:50:49.565202+00:00,2018-09-25 03:41:43.835733+00:00,6,3,3,1,44,-2,0,0.06818181818181818,1
89,16,2018-09-25 01:18:09.372387+00:00,2018-09-25 03:36:19.645844+00:00,4,1,1,1,16,0,1,0.0625,1
90,22,2018-09-25 00:53:34.778775+00:00,2018-09-25 03:03:26.286236+00:00,6,6,6,1,22,0,1,0.2727272727272727,0
91,23,2018-09-25 01:16:18.690973+00:00,2018-09-25 03:44:46.938306+00:00,6,1,1,1,22,-2,0,0.043478260869565216,1
94,2,2018-09-25 01:03:31.237612+00:00,2018-09-25 03:23:41.572575+00:00,2,1,1,1,2,0,1,0.5,1
96,18,2018-09-25 00:55:05.378928+00:00,2018-09-25 03:28:50.767007+00:00,6,6,6,1,18,0,1,0.3333333333333333,0
97,34,2018-09-25 00:48:15.569460+00:00,2018-09-25 03:37:42.243766+00:00,6,5,5,1,34,0,1,0.14705882352941177,0
102,13,2018-09-25 00:52:31.042068+00:00,2018-09-25 03:38:53.742728+00:00,5,1,1,1,13,0,1,0.07692307692307693,1
104,15,2018-09-25 00:50:52.539365+00:00,2018-09-25 03:44:19.561688+00:00,3,1,1,1,15,-1,0,0.06666666666666667,1
105,22,2018-09-25 00:53:30.063435+00:00,2018-09-25 03:42:16.853462+00:00,7,4,4,1,22,0,1,0.18181818181818182,1
106,6,2018-09-25 01:05:51.023552+00:00,2018-09-25 02:57:32.233848+00:00,4,0,0,1,6,-2,0,0.0,1
107,33,2018-09-25 00:50:17.354351+00:00,2018-09-25 03:39:32.179907+00:00,7,6,6,1,33,0,1,0.18181818181818182,0
108,4,2018-09-25 01:04:13.509337+00:00,2018-09-25 03:35:20.039839+00:00,4,1,1,1,4,0,1,0.25,1
109,16,2018-09-25 00:53:28.864456+00:00,2018-09-25 03:44:23.108863+00:00,3,1,1,1,16,0,1,0.0625,1
110,6,2018-09-25 00:57:23.728006+00:00,2018-09-25 03:44:12.749633+00:00,4,1,1,1,6,0,1,0.16666666666666666,1
112,3,2018-09-25 00:50:32.537939+00:00,2018-09-25 03:21:33.740588+00:00,3,1,1,1,3,0,1,0.3333333333333333,1
114,12,2018-09-25 00:48:37.965628+00:00,2018-09-25 03:44:58.304754+00:00,6,5,5,1,12,0,1,0.4166666666666667,0
117,13,2018-09-25 01:01:48.811837+00:00,2018-09-25 03:34:38.838960+00:00,4,2,2,1,13,-1,0,0.15384615384615385,1
119,16,2018-09-25 00:51:03.645858+00:00,2018-09-25 03:09:10.336349+00:00,5,3,3,1,16,0,1,0.1875,1
122,13,2018-09-25 01:04:00.729706+00:00,2018-09-25 03:26:59.500712+00:00,6,0,0,1,13,4,0,0.0,1
124,15,2018-09-25 01:07:51.789531+00:00,2018-09-25 03:44:46.511100+00:00,5,2,2,1,15,0,1,0.13333333333333333,1
125,24,2018-09-25 00:47:59.484293+00:00,2018-09-25 03:29:38.629700+00:00,7,5,6,1,24,0,1,0.25,0
126,14,2018-09-25 00:52:07.317565+00:00,2018-09-25 03:40:41.164521+00:00,5,3,4,1,14,0,1,0.2857142857142857,1
128,8,2018-09-25 00:51:34.079066+00:00,2018-09-25 03:23:08.849824+00:00,4,2,2,1,8,0,1,0.25,1
129,41,2018-09-25 00:51:30.964934+00:00,2018-09-25 03:44:19.719980+00:00,7,4,4,1,41,-1,0,0.0975609756097561,1
130,1,2018-09-24 08:37:44.722769+00:00,2018-09-24 08:37:44.722769+00:00,1,1,1,1,0,0,1,1.0,1
131,22,2018-09-24 09:56:47.364112+00:00,2018-09-24 13:24:37.787338+00:00,5,3,3,1,8,-2,0,0.13636363636363635,1
132,6,2018-09-24 10:57:54.838997+00:00,2018-09-24 14:14:19.358118+00:00,3,1,1,1,3,-1,0,0.16666666666666666,1
133,4,2018-09-24 12:00:14.965592+00:00,2018-09-24 12:02:39.188330+00:00,1,1,1,1,0,-2,0,0.25,1
134,1,2018-09-24 14:00:20.540478+00:00,2018-09-24 14:00:20.540478+00:00,1,1,1,1,0,0,1,1.0,1
136,2,2018-09-24 14:21:53.116334+00:00,2018-09-24 14:22:20.444544+00:00,1,1,1,1,0,-2,0,0.5,1
137,9,2018-09-25 00:48:33.819438+00:00,2018-09-25 03:37:04.382416+00:00,6,5,5,1,9,0,1,0.5555555555555556,0
138,1,2018-09-25 00:28:16.858951+00:00,2018-09-25 00:28:16.858951+00:00,1,1,1,1,0,0,1,1.0,1
139,28,2018-09-25 00:46:45.293989+00:00,2018-09-25 03:42:55.090798+00:00,8,7,7,1,28,0,1,0.25,0
140,38,2018-09-25 00:47:34.922166+00:00,2018-09-25 03:43:45.942945+00:00,7,6,6,1,38,0,1,0.15789473684210525,0
141,6,2018-09-25 01:51:24.393710+00:00,2018-09-25 03:38:09.560212+00:00,2,1,1,1,2,-2,0,0.16666666666666666,1
143,10,2018-09-25 11:18:17.475449+00:00,2020-05-08 00:53:07.634905+00:00,8,6,6,2,0,0,1,0.6,0
144,7,2018-10-11 08:05:52.389175+00:00,2018-12-20 09:13:51.874221+00:00,5,4,4,3,0,0,1,0.5714285714285714,1
145,24,2018-10-11 08:02:47.725874+00:00,2018-12-20 08:32:09.347777+00:00,12,11,11,3,3,-2,0,0.4583333333333333,0
146,24,2018-10-11 08:13:36.230732+00:00,2018-11-15 09:07:00.396414+00:00,8,5,5,2,0,4,0,0.20833333333333334,0
149,5,2018-10-11 08:09:47.564646+00:00,2018-10-11 09:23:59.819906+00:00,4,0,0,1,2,-1,0,0.0,1
150,24,2018-10-11 08:10:44.665889+00:00,2018-10-11 09:28:09.345326+00:00,5,5,5,1,14,0,1,0.20833333333333334,0
152,29,2018-10-11 08:11:08.927729+00:00,2019-01-03 09:26:47.774325+00:00,15,14,14,4,1,0,1,0.4827586206896552,0
153,36,2018-10-11 08:06:53.451515+00:00,2018-11-15 09:19:58.410203+00:00,6,5,6,2,0,4,0,0.16666666666666666,0
154,13,2018-10-11 08:05:07.047912+00:00,2018-11-15 09:06:53.083490+00:00,8,6,6,2,3,-2,0,0.46153846153846156,0
155,23,2018-10-11 08:09:28.830875+00:00,2018-11-15 08:40:11.096168+00:00,9,8,8,2,3,0,1,0.34782608695652173,0
156,3,2018-10-11 08:41:03.337034+00:00,2018-12-20 08:17:35.989763+00:00,2,1,1,2,0,-1,0,0.3333333333333333,1
157,8,2018-11-15 09:04:54.098502+00:00,2018-11-15 09:13:55.902107+00:00,1,1,1,1,0,-2,0,0.125,1
158,1,2018-11-15 08:23:42.315816+00:00,2018-11-15 08:23:42.315816+00:00,1,0,0,1,0,-1,0,0.0,1
159,31,2018-10-11 08:15:53.577355+00:00,2020-07-12 06:59:06.352056+00:00,21,16,16,6,2,0,1,0.5161290322580645,0
160,1,2018-10-11 08:23:49.955271+00:00,2018-10-11 08:23:49.955271+00:00,1,0,0,1,0,-2,0,0.0,1
161,53,2018-10-11 08:10:01.603251+00:00,2019-01-03 09:24:15.148480+00:00,19,16,16,4,4,4,0,0.3018867924528302,0
163,23,2018-11-15 08:05:48.608997+00:00,2019-01-03 08:50:30.101960+00:00,14,12,12,3,1,0,1,0.5217391304347826,0
164,22,2018-11-15 08:10:08.450627+00:00,2019-01-03 09:10:10.561121+00:00,9,7,7,4,2,0,1,0.3181818181818182,0
165,28,2018-10-11 08:03:32.651050+00:00,2018-12-20 09:21:56.432129+00:00,12,10,10,3,2,0,1,0.35714285714285715,0
166,46,2018-10-11 08:03:14.374341+00:00,2019-01-03 09:22:09.066464+00:00,16,12,12,4,3,4,0,0.2608695652173913,0
168,13,2018-10-11 08:08:14.689581+00:00,2018-11-15 08:42:32.226125+00:00,9,9,10,4,1,0,1,0.7692307692307693,0
169,24,2018-11-15 08:06:37.817959+00:00,2018-11-15 08:46:58.774202+00:00,4,2,2,1,0,0,1,0.08333333333333333,1
170,10,2018-10-11 08:05:00.881543+00:00,2018-11-15 09:27:58.438677+00:00,10,9,9,2,1,0,1,0.9,0
172,6,2018-11-15 08:29:44.969049+00:00,2018-11-15 09:16:45.625118+00:00,2,1,1,1,0,0,1,0.16666666666666666,1
174,14,2018-10-11 08:05:55.366890+00:00,2018-12-20 09:16:04.957326+00:00,7,5,5,3,0,0,1,0.35714285714285715,0
176,25,2018-10-11 08:04:27.130889+00:00,2018-12-20 08:32:16.249810+00:00,10,5,5,3,0,0,1,0.2,0
177,24,2018-10-11 07:15:01.524686+00:00,2019-01-03 08:44:40.002679+00:00,21,19,19,4,4,0,1,0.7916666666666666,0
178,8,2019-01-03 08:18:52.563823+00:00,2019-01-03 09:06:49.431628+00:00,5,4,4,1,1,0,1,0.5,1
182,13,2020-04-30 07:07:34.380548+00:00,2020-11-16 05:43:49.522712+00:00,6,4,7,7,0,-1,0,0.5384615384615384,1
184,18,2019-01-12 06:00:57.578990+00:00,2019-01-18 02:58:22.212213+00:00,5,5,7,3,0,-2,0,0.3888888888888889,0
185,150,2019-03-12 14:09:35.928296+00:00,2020-05-15 05:12:00.342927+00:00,48,45,76,21,91,0,1,0.5066666666666667,0
186,22,2019-03-26 00:55:27.687172+00:00,2019-03-26 03:46:06.093903+00:00,6,4,4,1,0,0,1,0.18181818181818182,1
187,38,2019-03-26 00:55:21.419594+00:00,2019-03-26 03:49:01.536773+00:00,8,4,4,1,0,0,1,0.10526315789473684,1
188,33,2019-03-26 01:00:44.521077+00:00,2019-03-26 03:48:59.300821+00:00,4,3,3,1,0,-1,0,0.09090909090909091,1
189,23,2019-03-26 00:56:13.327752+00:00,2019-03-26 03:37:33.643897+00:00,9,5,5,1,0,0,1,0.21739130434782608,0
190,21,2019-03-26 00:57:09.759650+00:00,2019-03-26 03:49:27.539926+00:00,9,3,3,1,0,0,1,0.14285714285714285,1
191,24,2019-03-26 00:55:38.387465+00:00,2019-03-26 03:37:29.323032+00:00,5,2,2,1,0,-2,0,0.08333333333333333,1
192,22,2019-03-26 00:54:50.443747+00:00,2019-03-26 03:36:37.178905+00:00,8,7,7,1,0,0,1,0.3181818181818182,0
193,23,2019-03-26 01:06:33.779267+00:00,2019-03-26 03:49:25.651795+00:00,5,2,2,1,0,0,1,0.08695652173913043,1
194,7,2019-03-26 01:09:01.152223+00:00,2019-03-26 03:33:26.232320+00:00,3,2,2,1,0,0,1,0.2857142857142857,1
195,24,2019-03-26 00:54:47.912308+00:00,2019-03-26 03:44:42.003576+00:00,6,3,3,1,0,-2,0,0.125,1
196,17,2019-03-26 00:58:19.215608+00:00,2019-03-26 03:48:17.859454+00:00,4,3,3,1,0,-2,0,0.17647058823529413,1
197,33,2019-03-26 00:54:26.508156+00:00,2019-03-26 03:48:31.949309+00:00,6,4,4,1,0,0,1,0.12121212121212122,1
198,12,2019-03-26 01:10:03.649059+00:00,2019-03-26 03:49:24.492116+00:00,4,2,3,1,0,-1,0,0.25,1
199,35,2019-03-26 00:55:00.425357+00:00,2019-03-26 03:49:09.882898+00:00,5,4,4,1,0,0,1,0.11428571428571428,1
200,11,2019-03-26 01:11:38.542971+00:00,2019-03-26 03:49:47.256751+00:00,3,1,1,1,0,4,0,0.09090909090909091,1
201,21,2019-03-26 00:52:00.131055+00:00,2019-03-26 03:35:01.901747+00:00,9,9,9,1,0,0,1,0.42857142857142855,0
202,27,2019-03-26 01:01:22.229947+00:00,2019-03-26 03:49:41.740273+00:00,5,1,1,1,0,0,1,0.037037037037037035,1
203,55,2019-03-26 00:53:51.694349+00:00,2019-03-26 03:47:56.244537+00:00,7,4,4,1,0,0,1,0.07272727272727272,1
204,15,2019-03-26 00:53:25.141445+00:00,2019-03-26 03:49:25.881676+00:00,7,4,4,1,0,0,1,0.26666666666666666,1
205,15,2019-03-26 00:53:51.858901+00:00,2019-03-26 03:30:22.756871+00:00,10,10,10,1,0,0,1,0.6666666666666666,0
206,29,2019-03-26 01:01:12.901195+00:00,2019-03-26 03:42:19.117673+00:00,7,4,4,1,0,-2,0,0.13793103448275862,1
207,22,2019-03-26 00:56:22.175518+00:00,2019-03-26 03:49:40.039134+00:00,7,5,5,1,0,0,1,0.22727272727272727,0
208,22,2019-03-26 00:54:05.016005+00:00,2019-03-26 03:47:56.039902+00:00,7,4,4,1,0,0,1,0.18181818181818182,1
209,43,2019-03-26 00:53:06.295653+00:00,2019-03-26 03:39:30.214026+00:00,7,6,6,1,0,0,1,0.13953488372093023,0
210,22,2019-03-26 00:54:28.946620+00:00,2019-03-26 02:47:35.486561+00:00,7,7,7,1,0,-2,0,0.3181818181818182,0
211,33,2019-03-26 00:44:44.848645+00:00,2019-03-26 03:44:49.056606+00:00,8,5,5,1,0,-2,0,0.15151515151515152,0
212,39,2019-03-26 01:09:44.281459+00:00,2019-03-26 03:46:41.325971+00:00,5,3,3,1,0,-1,0,0.07692307692307693,1
213,20,2019-03-26 00:55:09.577082+00:00,2019-03-26 03:43:45.160516+00:00,6,5,5,1,0,0,1,0.25,0
214,17,2019-03-26 01:02:50.559195+00:00,2019-03-26 03:35:01.475467+00:00,5,3,3,1,0,-1,0,0.17647058823529413,1
215,3,2019-03-25 07:07:26.957397+00:00,2019-03-25 08:07:15.519363+00:00,3,3,3,1,0,0,1,1.0,1
216,7,2019-03-25 08:53:43.316296+00:00,2019-03-25 12:33:29.066821+00:00,6,6,6,1,0,0,1,0.8571428571428571,0
217,11,2019-03-25 07:48:34.444603+00:00,2019-03-25 12:48:54.813521+00:00,4,3,3,1,0,0,1,0.2727272727272727,1
218,28,2019-03-25 08:13:10.494951+00:00,2019-04-19 05:54:07.791843+00:00,13,11,12,5,9,0,1,0.42857142857142855,0
219,12,2019-03-25 08:43:39.794401+00:00,2019-03-25 11:13:28.922032+00:00,5,2,2,1,0,-1,0,0.16666666666666666,1
220,7,2019-03-25 09:23:57.409035+00:00,2019-03-25 11:10:41.297583+00:00,6,6,6,1,1,0,1,0.8571428571428571,0
221,17,2019-03-25 09:22:54.883444+00:00,2020-04-23 13:43:47.987467+00:00,2,1,4,2,0,-2,0,0.23529411764705882,1
223,5,2019-03-25 09:50:40.294680+00:00,2019-03-25 14:11:53.115102+00:00,4,4,4,1,2,0,1,0.8,1
224,2,2019-03-25 10:17:03.831908+00:00,2019-03-25 10:17:25.014726+00:00,1,1,1,1,2,-2,0,0.5,1
225,11,2019-03-25 10:18:40.606712+00:00,2019-03-25 10:58:30.999544+00:00,3,2,2,1,0,0,1,0.18181818181818182,1
226,4,2019-03-25 10:35:01.028436+00:00,2019-03-25 23:00:11.290593+00:00,4,4,4,1,0,0,1,1.0,1
228,1,2019-03-25 12:35:36.217464+00:00,2019-03-25 12:35:36.217464+00:00,1,1,1,1,0,0,1,1.0,1
230,2,2019-04-06 14:53:53.679212+00:00,2019-04-06 15:44:53.006121+00:00,2,2,2,1,0,0,1,1.0,1
231,48,2019-04-05 10:29:21.544236+00:00,2020-02-10 13:00:27.404177+00:00,10,10,12,12,1,0,1,0.25,0
232,11,2019-04-07 23:43:16.595380+00:00,2019-05-18 14:18:57.335438+00:00,4,3,5,5,0,0,1,0.45454545454545453,1
233,9,2019-04-14 11:28:49.495551+00:00,2019-04-14 11:49:51.585837+00:00,1,0,0,1,0,-2,0,0.0,1
234,4,2020-02-28 09:15:50.032361+00:00,2020-03-20 13:32:37.592987+00:00,2,1,1,2,0,-2,0,0.25,1
235,2,2019-04-20 03:31:15.347711+00:00,2019-04-20 03:31:21.181794+00:00,1,0,0,1,0,-2,0,0.0,1
242,2,2019-06-03 17:35:56.274988+00:00,2019-06-03 17:36:48.052036+00:00,1,1,1,1,0,-2,0,0.5,1
243,3,2019-06-11 07:25:17.580170+00:00,2019-06-11 07:44:46.384366+00:00,2,2,2,1,0,-2,0,0.6666666666666666,1
244,5,2019-06-11 07:48:02.433793+00:00,2019-06-11 07:52:47.641660+00:00,1,1,1,1,0,-2,0,0.2,1
245,186,2019-07-02 13:52:29.714875+00:00,2019-07-15 10:40:13.892855+00:00,49,42,56,10,46,0,1,0.3010752688172043,0
246,1,2019-07-05 06:16:24.957459+00:00,2019-07-05 06:16:24.957459+00:00,1,1,1,1,0,0,1,1.0,1
247,3,2019-07-05 06:15:30.660525+00:00,2019-07-05 06:16:31.180318+00:00,1,0,0,1,0,-2,0,0.0,1
248,1,2019-07-05 06:12:27.341521+00:00,2019-07-05 06:12:27.341521+00:00,1,0,0,1,0,-2,0,0.0,1
250,27,2019-07-05 06:12:45.752670+00:00,2019-07-13 09:23:30.267005+00:00,16,16,16,3,2,-2,0,0.5925925925925926,0
251,1,2019-07-05 06:14:36.132129+00:00,2019-07-05 06:14:36.132129+00:00,1,1,1,1,0,0,1,1.0,1
252,28,2019-07-05 06:11:52.738430+00:00,2019-10-17 02:26:38.362229+00:00,19,17,20,7,4,0,1,0.7142857142857143,0
254,100,2019-07-05 06:12:09.800074+00:00,2019-07-13 02:50:01.832258+00:00,42,24,27,7,26,-2,0,0.27,0
255,1,2019-07-05 06:13:42.579414+00:00,2019-07-05 06:13:42.579414+00:00,1,1,1,1,0,0,1,1.0,1
256,156,2019-07-05 06:13:42.225272+00:00,2019-07-27 03:29:59.064490+00:00,44,37,43,11,14,0,1,0.27564102564102566,0
257,52,2019-07-05 11:25:47.604509+00:00,2019-07-13 03:50:15.138947+00:00,19,16,18,4,7,0,1,0.34615384615384615,0
258,15,2019-07-06 02:28:55.256459+00:00,2019-07-16 13:06:48.861902+00:00,4,4,6,2,0,-2,0,0.4,1
259,44,2019-07-05 06:22:28.211543+00:00,2019-09-07 06:50:14.105712+00:00,25,24,24,6,12,-2,0,0.5454545454545454,0
260,44,2019-07-05 06:12:00.275750+00:00,2019-07-13 02:45:26.964197+00:00,19,13,15,6,4,0,1,0.3409090909090909,0
262,82,2019-07-05 06:15:34.762527+00:00,2019-07-13 02:16:36.326574+00:00,24,20,26,7,4,0,1,0.3170731707317073,0
263,86,2019-07-05 06:12:56.819945+00:00,2019-07-20 03:57:45.554992+00:00,21,13,14,4,4,0,1,0.16279069767441862,0
264,134,2019-07-05 07:38:47.494612+00:00,2019-07-27 03:28:17.307972+00:00,31,24,27,14,0,-2,0,0.20149253731343283,0
265,95,2019-07-05 06:14:21.795257+00:00,2019-07-22 08:47:35.732568+00:00,40,30,35,12,12,-2,0,0.3684210526315789,0
266,92,2019-07-05 06:18:38.543512+00:00,2019-07-13 02:58:20.672947+00:00,31,25,31,7,28,-2,0,0.33695652173913043,0
267,59,2019-07-05 06:14:28.152978+00:00,2019-07-20 03:32:37.561023+00:00,21,18,18,5,5,0,1,0.3050847457627119,0
268,37,2019-07-05 06:15:28.997500+00:00,2019-07-13 02:59:29.690540+00:00,15,13,16,3,5,0,1,0.43243243243243246,0
269,26,2019-07-05 06:20:34.157803+00:00,2019-07-13 02:07:30.852707+00:00,16,14,14,3,3,0,1,0.5384615384615384,0
270,24,2019-07-05 06:15:47.395291+00:00,2019-07-13 01:46:20.533075+00:00,17,14,14,4,2,0,1,0.5833333333333334,0
271,96,2019-07-05 06:16:06.955642+00:00,2019-07-27 03:29:24.964412+00:00,27,15,15,6,4,0,1,0.15625,0
272,101,2019-07-06 00:49:01.161765+00:00,2019-10-26 17:05:15.880209+00:00,26,23,23,8,13,-1,0,0.22772277227722773,0
273,71,2019-07-05 06:21:31.177066+00:00,2019-07-13 02:49:27.596169+00:00,26,22,22,6,13,0,1,0.30985915492957744,0
275,187,2019-07-05 06:21:35.778963+00:00,2021-01-19 02:40:26.206100+00:00,46,33,59,29,34,-2,0,0.3155080213903743,0
276,121,2019-07-05 06:21:52.436213+00:00,2019-07-27 03:28:22.666409+00:00,31,23,24,10,5,0,1,0.19834710743801653,0
277,106,2019-07-05 06:23:02.486311+00:00,2020-07-29 12:32:53.727125+00:00,28,24,40,12,7,0,1,0.37735849056603776,0
278,45,2019-07-05 06:24:07.163753+00:00,2020-10-24 13:49:50.133734+00:00,19,18,18,8,22,0,1,0.4,0
279,1,2019-07-05 06:26:33.730835+00:00,2019-07-05 06:26:33.730835+00:00,1,1,1,1,0,0,1,1.0,1
280,63,2019-07-05 06:31:55.887558+00:00,2019-07-31 02:14:09.390744+00:00,1,1,61,3,0,0,1,0.9682539682539683,1
281,319,2019-07-05 06:36:31.658297+00:00,2019-07-27 03:28:39.634784+00:00,31,25,50,11,0,0,1,0.15673981191222572,0
282,73,2019-07-06 00:48:29.578958+00:00,2019-07-15 05:30:27.594120+00:00,14,12,17,3,18,0,1,0.2328767123287671,0
283,36,2019-07-05 07:26:56.121661+00:00,2019-07-13 02:59:53.132210+00:00,16,12,12,4,10,0,1,0.3333333333333333,0
284,169,2019-07-05 06:52:24.634636+00:00,2019-07-20 03:50:18.691777+00:00,36,28,41,9,8,0,1,0.24260355029585798,0
285,103,2019-07-06 00:39:33.607854+00:00,2019-07-20 03:49:52.134370+00:00,36,30,32,12,11,-1,0,0.3106796116504854,0
286,96,2019-07-06 00:37:14.669083+00:00,2019-07-23 07:55:23.723900+00:00,48,39,40,9,3,6,0,0.4166666666666667,0
287,37,2019-07-06 00:44:25.363777+00:00,2019-07-20 02:58:10.763111+00:00,16,10,10,5,2,-1,0,0.2702702702702703,0
288,3,2019-07-06 15:15:01.807465+00:00,2019-07-09 02:50:23.786310+00:00,2,2,2,2,0,0,1,0.6666666666666666,1
289,4,2019-07-11 08:36:10.832178+00:00,2019-07-11 08:38:12.395373+00:00,1,1,1,1,0,-2,0,0.25,1
291,2,2019-07-15 02:17:29.299106+00:00,2019-07-15 02:18:06.622273+00:00,2,0,0,1,0,4,0,0.0,1
294,101,2019-07-12 07:14:55.159424+00:00,2019-10-18 15:14:57.122907+00:00,40,35,35,10,0,0,1,0.3465346534653465,0
295,2,2019-07-08 08:54:53.490540+00:00,2019-07-08 08:55:25.024415+00:00,1,1,1,1,0,6,0,0.5,1
296,1,2019-07-10 14:30:09.586260+00:00,2019-07-10 14:30:09.586260+00:00,1,1,1,1,0,0,1,1.0,1
297,81,2019-07-11 02:12:45.970220+00:00,2019-07-20 03:48:28.947355+00:00,32,30,33,9,0,-1,0,0.4074074074074074,0
298,1,2019-07-11 06:26:27.102395+00:00,2019-07-11 06:26:27.102395+00:00,1,0,0,1,0,-1,0,0.0,1
299,69,2019-07-11 07:42:33.668929+00:00,2019-07-14 15:27:43.024554+00:00,18,17,27,4,3,-2,0,0.391304347826087,0
300,106,2019-07-11 07:49:59.074951+00:00,2019-07-27 03:29:20.101211+00:00,34,21,27,12,3,0,1,0.25471698113207547,0
301,7,2019-07-11 08:30:09.320790+00:00,2019-07-11 09:48:41.153012+00:00,2,1,1,1,0,0,1,0.14285714285714285,1
302,8,2019-07-12 14:37:20.284153+00:00,2019-07-15 06:13:45.358111+00:00,2,2,3,2,0,0,1,0.375,1
303,70,2019-07-13 00:39:16.702050+00:00,2019-08-01 13:59:40.507023+00:00,15,8,12,6,0,0,1,0.17142857142857143,0
307,7,2019-07-14 09:24:13.048676+00:00,2019-07-15 09:18:25.042652+00:00,1,1,1,2,0,-2,0,0.14285714285714285,1
308,28,2019-07-16 00:32:44.147027+00:00,2019-07-16 03:27:52.614358+00:00,6,6,6,1,0,-1,0,0.21428571428571427,0
309,15,2019-07-16 00:34:00.334941+00:00,2019-07-16 03:27:46.991934+00:00,7,6,6,1,0,0,1,0.4,0
310,17,2019-07-16 00:39:18.760808+00:00,2019-07-16 02:36:26.063377+00:00,7,7,7,1,0,0,1,0.4117647058823529,0
311,12,2019-07-16 01:02:24.232888+00:00,2019-07-16 03:29:57.148537+00:00,4,2,2,1,0,-1,0,0.16666666666666666,1
312,27,2019-07-16 00:40:34.384253+00:00,2019-07-16 03:28:55.457861+00:00,8,6,6,1,0,0,1,0.2222222222222222,0
313,14,2019-07-16 00:35:27.706965+00:00,2019-07-16 03:27:52.255935+00:00,8,6,6,1,0,-1,0,0.42857142857142855,0
314,20,2019-07-16 01:20:24.354115+00:00,2019-07-16 03:28:21.668517+00:00,5,1,1,1,0,-1,0,0.05,1
315,28,2019-07-16 00:47:07.338132+00:00,2019-07-16 03:29:35.700102+00:00,4,3,3,1,0,0,1,0.10714285714285714,1
316,31,2019-07-16 00:34:48.235242+00:00,2019-07-16 03:28:04.139475+00:00,7,6,6,1,0,0,1,0.1935483870967742,0
317,11,2019-07-16 00:21:57.596250+00:00,2019-07-16 02:58:02.689869+00:00,6,4,4,1,0,-1,0,0.36363636363636365,1
318,23,2019-07-16 00:35:46.914848+00:00,2019-07-16 03:29:38.897959+00:00,7,5,5,1,0,-1,0,0.21739130434782608,0
319,20,2019-07-16 00:47:57.171526+00:00,2019-07-16 03:28:55.394300+00:00,7,6,6,1,0,-1,0,0.3,0
320,10,2019-07-16 02:04:42.569839+00:00,2019-07-16 03:26:26.974692+00:00,3,2,2,1,0,0,1,0.2,1
321,9,2019-07-16 00:40:54.258064+00:00,2019-07-16 03:02:11.402214+00:00,6,5,5,1,0,0,1,0.5555555555555556,0
322,35,2019-07-16 00:57:03.962659+00:00,2019-07-16 03:29:33.030112+00:00,8,0,0,1,0,-1,0,0.0,1
323,11,2019-07-16 00:48:17.194474+00:00,2019-07-16 03:25:28.213962+00:00,4,3,3,1,0,0,1,0.2727272727272727,1
324,35,2019-07-16 00:40:14.907888+00:00,2019-07-16 03:29:53.328776+00:00,5,3,3,1,0,-1,0,0.08571428571428572,1
325,9,2019-07-16 00:53:45.111316+00:00,2019-07-16 03:15:42.985194+00:00,4,2,2,1,0,-1,0,0.2222222222222222,1
326,10,2019-07-16 01:03:59.006821+00:00,2019-07-16 02:56:21.786501+00:00,4,4,4,1,0,0,1,0.4,1
327,14,2019-07-16 00:42:11.220953+00:00,2019-07-16 03:27:03.753385+00:00,5,3,3,1,0,0,1,0.21428571428571427,1
328,15,2019-07-16 00:47:59.264928+00:00,2019-07-16 03:28:28.531580+00:00,5,3,3,1,0,-2,0,0.2,1
329,11,2019-07-16 00:56:24.423681+00:00,2019-07-16 02:43:13.780413+00:00,5,3,3,1,0,-1,0,0.2727272727272727,1
330,14,2019-07-16 00:22:34.969343+00:00,2019-07-16 03:24:16.704259+00:00,4,1,1,1,0,0,1,0.07142857142857142,1
331,22,2019-07-16 00:44:03.937144+00:00,2019-07-16 03:28:49.947591+00:00,7,6,6,1,0,-1,0,0.2727272727272727,0
332,18,2019-07-16 01:17:47.958813+00:00,2019-07-16 03:23:27.159744+00:00,5,2,2,1,0,-1,0,0.1111111111111111,1
334,14,2019-07-16 01:04:10.657792+00:00,2019-07-16 03:28:30.358574+00:00,4,2,2,1,0,-2,0,0.14285714285714285,1
335,14,2019-07-16 00:55:33.722242+00:00,2019-07-16 03:26:34.592804+00:00,6,2,2,1,0,-1,0,0.14285714285714285,1
336,10,2019-07-16 00:28:59.213173+00:00,2019-07-16 03:04:03.883622+00:00,6,5,5,1,0,-2,0,0.5,0
337,18,2019-07-16 00:45:34.431653+00:00,2019-07-16 03:28:50.540090+00:00,6,4,4,1,0,-1,0,0.2222222222222222,1
338,21,2019-07-16 01:06:03.729629+00:00,2019-07-16 03:29:39.691034+00:00,4,2,2,1,0,-1,0,0.09523809523809523,1
339,8,2019-07-16 00:45:50.593554+00:00,2019-07-16 03:04:11.704787+00:00,4,2,2,1,0,-1,0,0.25,1
340,13,2019-07-16 00:35:31.106056+00:00,2019-07-16 03:19:44.840828+00:00,6,5,5,1,0,0,1,0.38461538461538464,0
341,14,2019-07-16 00:28:35.100547+00:00,2019-07-16 03:29:41.176935+00:00,6,6,6,1,0,0,1,0.42857142857142855,0
342,36,2019-07-16 00:28:53.742079+00:00,2019-07-16 03:22:44.215930+00:00,9,4,4,1,0,0,1,0.1111111111111111,1
343,16,2019-07-16 00:54:25.057997+00:00,2019-07-16 03:26:49.800028+00:00,3,2,2,1,0,-1,0,0.125,1
344,29,2019-07-16 00:20:06.936353+00:00,2019-07-16 03:29:43.933201+00:00,8,7,9,1,0,0,1,0.3103448275862069,0
345,16,2019-07-16 01:05:33.866442+00:00,2019-07-16 03:25:13.222899+00:00,5,2,2,1,0,0,1,0.125,1
346,8,2019-07-16 00:58:44.474760+00:00,2019-07-16 02:58:11.267239+00:00,2,2,2,1,0,-1,0,0.25,1
348,13,2019-07-16 00:39:03.317313+00:00,2019-07-16 03:29:31.825825+00:00,7,6,6,1,0,0,1,0.46153846153846156,0
349,9,2019-07-16 00:41:42.377878+00:00,2019-07-16 03:29:37.969839+00:00,3,2,2,1,0,-1,0,0.2222222222222222,1
350,22,2019-07-16 00:53:16.956503+00:00,2019-07-16 03:27:27.352075+00:00,5,3,3,1,0,-1,0,0.13636363636363635,1
351,13,2019-07-16 00:45:16.556427+00:00,2019-07-16 03:27:03.639075+00:00,5,3,3,1,0,-1,0,0.23076923076923078,1
352,16,2019-07-16 00:23:24.219026+00:00,2019-07-16 03:27:14.896548+00:00,3,1,1,1,0,0,1,0.0625,1
353,14,2019-07-16 00:41:11.894411+00:00,2019-07-16 02:47:15.290750+00:00,7,7,7,1,0,0,1,0.5,0
354,5,2019-07-14 08:08:58.882887+00:00,2019-07-14 08:43:49.647247+00:00,2,2,2,1,0,0,1,0.4,1
355,1,2019-07-15 15:44:00.400422+00:00,2019-07-15 15:44:00.400422+00:00,1,1,1,1,0,0,1,1.0,1
356,286,2019-07-18 03:46:27.833381+00:00,2021-06-25 10:30:24.361430+00:00,62,56,90,36,59,-2,0,0.3146853146853147,0
357,3,2019-08-10 16:49:58.640910+00:00,2019-08-10 16:53:21.168145+00:00,1,1,1,1,0,-2,0,0.3333333333333333,1
358,1621,2019-09-10 11:58:04.762080+00:00,2021-01-09 08:39:33.829032+00:00,133,107,212,78,363,-2,0,0.1307834669956817,0
360,2,2019-09-08 02:24:06.576850+00:00,2019-09-08 02:24:17.571286+00:00,1,1,1,1,0,-2,0,0.5,1
362,4,2019-09-10 08:13:54.349309+00:00,2019-09-19 01:14:09.228977+00:00,2,2,3,2,0,0,1,0.75,1
363,1,2019-09-10 08:37:51.522468+00:00,2019-09-10 08:37:51.522468+00:00,1,1,1,1,0,0,1,1.0,1
366,636,2019-09-18 02:50:46.574637+00:00,2020-06-28 06:09:17.434682+00:00,157,152,163,59,103,-1,0,0.2562893081761006,0
367,472,2019-09-11 02:51:04.409467+00:00,2020-06-28 05:16:09.353974+00:00,212,196,200,42,95,-2,0,0.423728813559322,0
368,271,2019-09-18 04:21:00.996617+00:00,2020-06-28 06:34:40.266723+00:00,134,129,133,57,48,-1,0,0.4907749077490775,0
369,367,2019-09-11 11:18:39.050784+00:00,2020-06-28 06:32:58.851615+00:00,163,153,165,69,84,0,1,0.44959128065395093,0
370,255,2019-09-11 02:12:07.871263+00:00,2020-09-29 06:04:16.946411+00:00,133,132,140,31,65,0,1,0.5490196078431373,0
371,376,2019-09-11 13:07:26.127159+00:00,2020-06-28 05:57:10.893749+00:00,149,134,157,61,57,-1,0,0.4175531914893617,0
372,352,2019-09-11 02:41:09.087645+00:00,2020-07-09 02:48:45.501405+00:00,169,157,170,56,96,-1,0,0.48295454545454547,0
373,351,2019-09-12 01:29:05.601034+00:00,2020-06-28 06:50:13.268648+00:00,138,117,123,50,82,0,1,0.3504273504273504,0
374,321,2019-09-19 00:04:55.942103+00:00,2020-05-20 03:56:38.999039+00:00,89,80,85,29,78,-1,0,0.26479750778816197,0
375,239,2019-09-14 12:23:38.819318+00:00,2020-06-10 13:31:32.780209+00:00,113,105,109,54,52,-1,0,0.4560669456066946,0
376,469,2019-09-19 11:41:16.159734+00:00,2020-06-28 06:42:13.069474+00:00,160,140,143,52,64,-1,0,0.3049040511727079,0
377,1345,2019-09-14 02:07:24.000878+00:00,2020-06-28 06:01:49.698482+00:00,267,257,279,65,382,0,1,0.20743494423791822,0
378,652,2019-09-11 02:55:44.348318+00:00,2020-06-28 06:33:48.991354+00:00,175,159,173,60,155,-2,0,0.26533742331288346,0
379,802,2019-09-11 03:30:57.629250+00:00,2021-04-27 02:06:25.384635+00:00,278,270,311,74,120,-1,0,0.3877805486284289,0
380,388,2019-09-13 06:13:55.526702+00:00,2020-06-28 06:55:26.658623+00:00,145,133,142,62,67,-1,0,0.36597938144329895,0
381,577,2019-09-11 02:17:20.676641+00:00,2021-01-08 06:03:02.710973+00:00,272,269,292,59,191,0,1,0.5060658578856152,0
382,321,2019-09-11 11:06:07.690763+00:00,2020-06-28 06:54:11.326197+00:00,145,130,136,57,77,-1,0,0.4236760124610592,0
383,503,2019-09-17 11:54:44.241110+00:00,2020-06-28 06:49:36.018482+00:00,147,136,151,59,111,-1,0,0.30019880715705766,0
384,343,2019-09-12 00:55:05.931459+00:00,2020-06-28 06:46:28.015017+00:00,146,132,136,59,73,-2,0,0.3965014577259475,0
385,409,2019-09-15 12:54:15.892729+00:00,2020-06-28 06:48:06.163737+00:00,162,152,183,55,74,0,1,0.4474327628361858,0
386,657,2019-09-11 02:20:05.470326+00:00,2020-06-28 06:58:11.043963+00:00,276,270,273,62,146,-1,0,0.4155251141552511,0
387,371,2019-09-18 02:30:44.303079+00:00,2020-06-28 06:36:43.577664+00:00,171,156,162,60,60,-1,0,0.4366576819407008,0
388,333,2019-09-18 02:58:36.544174+00:00,2020-06-28 06:54:16.004164+00:00,146,133,143,54,92,0,1,0.4294294294294294,0
389,190,2019-09-16 08:42:12.693757+00:00,2021-06-16 07:33:25.157032+00:00,127,126,134,61,41,-1,0,0.7052631578947368,0
390,349,2019-09-13 12:41:47.845062+00:00,2021-02-10 16:50:11.096979+00:00,135,116,121,57,49,-1,0,0.3467048710601719,0
391,425,2019-09-18 04:40:23.232478+00:00,2020-06-28 06:58:21.347287+00:00,174,160,161,51,56,0,1,0.3788235294117647,0
392,347,2019-09-19 10:41:07.690750+00:00,2020-06-28 06:25:15.110161+00:00,171,160,183,73,69,-1,0,0.5273775216138329,0
393,810,2019-09-18 02:50:13.215894+00:00,2020-06-28 05:36:58.852501+00:00,159,144,294,59,185,-1,0,0.362962962962963,0
395,382,2019-09-18 03:24:28.143746+00:00,2020-06-28 06:59:46.080373+00:00,158,141,154,65,84,0,1,0.4031413612565445,0
397,61,2019-09-20 04:57:26.886763+00:00,2020-05-15 03:54:20.672019+00:00,32,29,32,12,17,0,1,0.5245901639344263,0
398,12,2019-09-25 00:36:01.099544+00:00,2019-09-25 03:11:54.094366+00:00,5,2,2,1,0,0,1,0.16666666666666666,1
399,13,2019-09-25 00:33:36.668922+00:00,2019-09-25 03:19:28.193217+00:00,8,7,7,1,0,0,1,0.5384615384615384,0
400,14,2019-09-25 00:25:38.040666+00:00,2019-09-25 02:40:32.828322+00:00,5,3,3,1,0,0,1,0.21428571428571427,1
401,18,2019-09-25 00:33:16.272292+00:00,2019-09-25 03:28:42.581814+00:00,4,3,3,1,0,0,1,0.16666666666666666,1
402,17,2019-09-25 00:40:44.215603+00:00,2019-09-25 03:21:24.821675+00:00,5,1,1,1,0,0,1,0.058823529411764705,1
403,17,2019-09-25 00:45:00.144528+00:00,2019-09-25 03:27:26.005518+00:00,5,1,1,1,0,4,0,0.058823529411764705,1
405,13,2019-09-25 00:33:20.527283+00:00,2019-09-25 03:27:55.589399+00:00,7,6,6,1,0,0,1,0.46153846153846156,0
406,11,2019-09-25 00:33:51.019147+00:00,2019-09-25 03:28:06.601514+00:00,5,4,4,1,0,0,1,0.36363636363636365,1
407,16,2019-09-25 00:32:09.021112+00:00,2019-09-25 03:18:50.637479+00:00,7,5,5,1,0,0,1,0.3125,0
408,19,2019-09-25 00:50:06.959477+00:00,2019-09-25 03:23:34.939185+00:00,3,0,0,1,0,-2,0,0.0,1
409,14,2019-09-25 00:32:32.225969+00:00,2019-09-25 03:27:53.082481+00:00,6,5,5,1,0,0,1,0.35714285714285715,0
410,6,2019-09-25 00:53:09.543200+00:00,2019-09-25 03:27:48.429226+00:00,4,1,1,1,0,-1,0,0.16666666666666666,1
411,15,2019-09-25 00:32:57.829379+00:00,2019-09-25 03:27:56.894505+00:00,3,2,2,1,0,0,1,0.13333333333333333,1
412,16,2019-09-25 00:37:33.256754+00:00,2019-09-25 03:29:25.741063+00:00,4,3,3,1,0,0,1,0.1875,1
413,11,2019-09-25 00:36:38.105952+00:00,2019-09-25 03:23:39.915542+00:00,5,4,4,1,0,0,1,0.36363636363636365,1
414,26,2019-09-25 00:34:12.940332+00:00,2019-09-25 03:20:57.412541+00:00,6,5,5,1,0,0,1,0.19230769230769232,0
415,17,2019-09-25 00:25:30.291718+00:00,2019-09-25 03:23:42.104283+00:00,5,4,4,1,0,0,1,0.23529411764705882,1
416,10,2019-09-25 01:06:00.082684+00:00,2019-09-25 02:52:52.705320+00:00,3,3,3,1,0,-1,0,0.3,1
418,18,2019-09-25 00:33:15.332664+00:00,2019-09-25 03:03:08.222979+00:00,5,3,3,1,0,0,1,0.16666666666666666,1
419,23,2019-09-25 00:40:55.002835+00:00,2019-09-25 03:23:24.535142+00:00,4,2,2,1,0,0,1,0.08695652173913043,1
420,14,2019-09-25 00:33:35.785242+00:00,2019-09-25 03:29:45.772420+00:00,5,3,3,1,0,0,1,0.21428571428571427,1
421,16,2019-09-25 00:22:04.338541+00:00,2019-09-25 03:29:54.538588+00:00,7,5,5,1,0,0,1,0.3125,0
422,15,2019-09-25 00:37:55.940764+00:00,2019-09-25 03:28:39.304145+00:00,5,2,2,1,0,0,1,0.13333333333333333,1
423,39,2019-09-25 00:27:11.718602+00:00,2019-09-25 03:29:59.234669+00:00,7,5,5,1,0,0,1,0.1282051282051282,0
424,17,2019-09-25 01:05:12.662984+00:00,2019-09-25 03:08:21.096829+00:00,4,1,1,1,0,-1,0,0.058823529411764705,1
425,33,2019-09-25 00:32:58.375320+00:00,2019-09-25 03:28:39.764198+00:00,7,5,5,1,0,0,1,0.15151515151515152,0
426,10,2019-09-25 00:53:31.232214+00:00,2019-09-25 02:42:48.785002+00:00,2,1,1,1,0,-2,0,0.1,1
427,18,2019-09-25 00:33:47.679530+00:00,2019-09-25 03:27:59.395070+00:00,6,3,3,1,0,4,0,0.16666666666666666,1
428,38,2019-09-25 00:36:19.044651+00:00,2019-09-25 03:29:49.621842+00:00,6,5,5,1,0,-2,0,0.13157894736842105,0
429,20,2019-09-25 00:32:23.657469+00:00,2019-09-25 03:27:19.249844+00:00,7,6,6,1,0,0,1,0.3,0
430,17,2019-09-25 00:48:54.831505+00:00,2019-09-25 03:20:23.293712+00:00,2,1,1,1,0,-1,0,0.058823529411764705,1
431,20,2019-09-25 00:35:39.362053+00:00,2019-09-25 03:27:06.652613+00:00,5,5,5,1,0,-2,0,0.25,0
432,14,2019-09-25 00:34:30.163263+00:00,2019-09-25 03:29:12.404061+00:00,4,2,6,1,0,0,1,0.42857142857142855,1
433,21,2019-09-25 00:35:47.976753+00:00,2019-09-25 03:19:17.368372+00:00,6,4,9,1,0,0,1,0.42857142857142855,1
434,6,2019-09-25 00:36:19.801133+00:00,2019-09-25 02:40:14.562083+00:00,3,2,2,1,0,0,1,0.3333333333333333,1
435,23,2019-09-25 00:35:11.214903+00:00,2019-09-25 03:26:24.444191+00:00,8,3,3,1,0,-1,0,0.13043478260869565,1
436,31,2019-09-25 00:37:13.028900+00:00,2019-09-25 03:26:31.758192+00:00,3,2,2,1,0,0,1,0.06451612903225806,1
437,22,2019-09-25 00:44:49.477887+00:00,2019-09-25 03:29:55.707890+00:00,4,3,3,1,0,-2,0,0.13636363636363635,1
438,7,2019-09-25 00:38:20.581248+00:00,2019-09-25 02:21:08.951124+00:00,3,1,1,1,0,-1,0,0.14285714285714285,1
439,9,2019-09-25 00:41:45.560305+00:00,2019-09-25 02:33:46.588850+00:00,4,3,3,1,0,-1,0,0.3333333333333333,1
440,10,2019-09-25 00:33:01.250146+00:00,2019-09-25 03:09:18.377954+00:00,7,6,6,1,0,0,1,0.6,0
441,12,2019-09-25 00:44:44.816847+00:00,2019-09-25 03:23:44.536536+00:00,4,1,1,1,0,0,1,0.08333333333333333,1
442,11,2019-09-25 00:45:33.165693+00:00,2019-09-25 03:10:48.888940+00:00,5,3,3,1,0,0,1,0.2727272727272727,1
443,27,2019-09-25 00:37:16.915656+00:00,2019-09-25 03:29:52.353450+00:00,5,2,2,1,0,-2,0,0.07407407407407407,1
444,15,2019-09-25 00:21:53.009226+00:00,2019-09-25 03:22:33.678060+00:00,6,2,2,1,0,-2,0,0.13333333333333333,1
445,14,2019-09-25 00:45:40.013007+00:00,2019-09-25 03:28:37.705495+00:00,3,1,1,1,0,-1,0,0.07142857142857142,1
446,7,2019-09-25 00:33:58.231296+00:00,2019-09-25 03:28:35.742984+00:00,4,3,3,1,0,0,1,0.42857142857142855,1
447,9,2019-09-25 00:34:03.351137+00:00,2019-09-25 03:28:08.979530+00:00,5,2,2,1,0,0,1,0.2222222222222222,1
448,23,2019-09-25 00:35:13.132945+00:00,2019-09-25 03:28:57.076313+00:00,7,4,4,1,0,0,1,0.17391304347826086,1
449,31,2019-09-25 00:45:07.791425+00:00,2019-09-25 03:28:43.598359+00:00,4,2,3,1,0,-1,0,0.0967741935483871,1
450,11,2019-09-25 00:36:20.877153+00:00,2019-09-25 02:59:28.839514+00:00,3,2,2,1,0,-1,0,0.18181818181818182,1
451,15,2019-09-25 00:33:04.206708+00:00,2019-09-25 03:25:27.284387+00:00,6,4,4,1,0,0,1,0.26666666666666666,1
452,8,2019-09-25 00:40:12.523893+00:00,2019-09-25 03:27:31.054447+00:00,3,1,1,1,0,0,1,0.125,1
453,23,2019-09-25 00:46:12.548969+00:00,2019-09-25 03:29:54.390132+00:00,5,1,1,1,0,-2,0,0.043478260869565216,1
454,30,2019-09-25 00:34:40.117586+00:00,2019-09-25 03:29:21.435011+00:00,6,3,3,1,0,0,1,0.1,1
455,6,2019-09-25 00:51:12.335888+00:00,2019-09-25 03:17:54.390531+00:00,2,1,1,1,0,0,1,0.16666666666666666,1
456,7,2019-09-25 00:47:59.074477+00:00,2019-09-25 02:50:01.689546+00:00,2,2,2,1,0,-1,0,0.2857142857142857,1
457,15,2019-09-25 00:48:25.980635+00:00,2019-09-25 03:24:12.931955+00:00,5,2,2,1,0,4,0,0.13333333333333333,1
458,16,2019-09-25 00:34:03.135137+00:00,2019-09-25 03:28:28.827769+00:00,4,2,2,1,0,0,1,0.125,1
459,18,2019-09-25 00:40:23.396602+00:00,2019-09-25 02:49:43.248966+00:00,4,3,3,1,0,0,1,0.16666666666666666,1
460,5,2019-09-25 00:26:42.213024+00:00,2019-09-25 03:21:16.693133+00:00,5,4,4,1,0,0,1,0.8,1
461,13,2019-09-25 00:37:55.581130+00:00,2019-09-25 03:29:18.533261+00:00,4,2,2,1,0,0,1,0.15384615384615385,1
462,12,2019-09-25 00:36:03.472653+00:00,2019-09-25 03:19:10.080877+00:00,4,2,2,1,0,0,1,0.16666666666666666,1
463,23,2019-09-25 00:35:18.153715+00:00,2019-09-25 03:23:56.668444+00:00,5,4,5,1,0,-1,0,0.21739130434782608,1
464,11,2019-09-25 00:42:40.289840+00:00,2019-09-25 03:25:38.390126+00:00,4,2,2,1,0,0,1,0.18181818181818182,1
465,11,2019-09-25 00:46:18.025699+00:00,2019-09-25 03:26:55.103989+00:00,3,2,2,1,0,-1,0,0.18181818181818182,1
466,17,2019-09-25 00:38:15.102307+00:00,2019-09-25 03:27:40.757543+00:00,5,1,1,1,0,0,1,0.058823529411764705,1
467,7,2019-09-25 00:33:31.909464+00:00,2019-09-25 03:20:21.906092+00:00,3,2,2,1,0,0,1,0.2857142857142857,1
468,14,2019-09-25 00:33:06.485851+00:00,2019-09-25 03:29:14.340208+00:00,6,4,4,1,0,-1,0,0.2857142857142857,1
469,7,2019-09-24 13:35:31.089638+00:00,2019-09-24 16:00:30.158151+00:00,5,5,6,1,1,0,1,0.8571428571428571,0
470,4,2019-09-24 13:17:28.601319+00:00,2019-09-24 15:45:15.647055+00:00,3,3,3,1,0,0,1,0.75,1
472,1,2019-09-24 13:32:16.274152+00:00,2019-09-24 13:32:16.274152+00:00,1,1,1,1,0,0,1,1.0,1
475,2,2019-09-24 13:21:43.850021+00:00,2019-09-24 14:36:51.654049+00:00,2,2,2,1,0,0,1,1.0,1
476,3,2019-09-24 13:23:52.356997+00:00,2019-09-24 16:19:44.924667+00:00,2,2,2,1,1,-2,0,0.6666666666666666,1
477,1,2019-09-24 15:14:11.251648+00:00,2019-09-24 15:14:11.251648+00:00,1,1,1,1,0,0,1,1.0,1
478,15,2019-09-24 13:51:31.837002+00:00,2019-09-24 16:43:31.192345+00:00,4,3,3,1,1,-2,0,0.2,1
479,2,2019-09-24 13:57:47.856661+00:00,2019-09-24 14:10:55.616373+00:00,2,2,2,1,0,0,1,1.0,1
481,2,2019-09-24 14:15:41.159929+00:00,2019-09-24 14:49:22.121628+00:00,1,1,1,1,0,-2,0,0.5,1
482,1,2019-09-24 14:17:12.119470+00:00,2019-09-24 14:17:12.119470+00:00,1,1,1,1,0,0,1,1.0,1
483,5,2019-09-24 14:16:07.876944+00:00,2019-09-24 15:15:59.592972+00:00,2,2,2,1,0,-2,0,0.4,1
484,7,2019-09-24 14:30:29.456070+00:00,2019-09-24 15:25:09.317669+00:00,1,1,1,1,0,-1,0,0.14285714285714285,1
485,4,2019-09-24 16:15:24.288227+00:00,2019-09-24 16:48:26.564012+00:00,2,2,3,1,1,-1,0,0.75,1
486,22,2019-10-03 13:06:06.100858+00:00,2021-03-18 07:42:56.056720+00:00,3,2,6,5,0,0,1,0.2727272727272727,1
487,3,2019-10-05 04:15:12.400474+00:00,2019-10-05 04:19:57.025171+00:00,1,0,0,1,0,-1,0,0.0,1
488,12,2019-10-09 06:42:16.083731+00:00,2019-10-10 10:06:49.042109+00:00,7,6,6,2,1,0,1,0.5,0
491,8,2019-10-23 03:00:47.982684+00:00,2019-10-23 03:05:30.378767+00:00,1,0,0,1,0,-2,0,0.0,1
492,36,2020-02-27 07:11:40.485822+00:00,2020-05-11 04:12:53.080472+00:00,10,8,8,6,0,0,1,0.2222222222222222,0
493,19,2019-12-04 05:35:36.096649+00:00,2019-12-08 11:40:22.651091+00:00,11,10,12,2,4,-1,0,0.631578947368421,0
494,28,2019-12-04 05:42:25.086556+00:00,2019-12-04 08:29:58.696608+00:00,6,4,4,1,0,-1,0,0.14285714285714285,1
495,48,2019-12-04 05:45:16.168182+00:00,2019-12-04 08:19:05.337247+00:00,5,4,4,1,0,-1,0,0.08333333333333333,1
496,17,2019-12-04 05:35:55.042854+00:00,2019-12-04 08:29:37.293931+00:00,8,7,7,1,4,-1,0,0.4117647058823529,0
498,59,2019-12-04 05:35:43.385049+00:00,2019-12-04 08:28:23.743329+00:00,6,4,16,1,0,-1,0,0.2711864406779661,1
500,51,2019-12-04 05:52:58.768764+00:00,2019-12-04 08:29:01.419424+00:00,4,1,1,1,0,-2,0,0.0196078431372549,1
501,31,2019-12-04 05:37:49.808260+00:00,2019-12-04 08:20:59.558923+00:00,5,5,5,1,0,-2,0,0.16129032258064516,0
502,14,2019-12-04 05:39:15.088264+00:00,2019-12-04 08:22:12.193935+00:00,6,5,5,1,0,0,1,0.35714285714285715,0
504,6,2020-02-21 13:03:14.929213+00:00,2020-05-11 04:15:18.417292+00:00,3,3,4,3,0,0,1,0.6666666666666666,1
505,7,2020-01-08 13:13:53.881063+00:00,2020-01-08 13:17:56.263433+00:00,1,1,1,1,0,-2,0,0.14285714285714285,1
508,26,2020-01-10 07:10:01.946735+00:00,2020-05-11 05:20:11.894212+00:00,12,12,15,8,0,-2,0,0.5769230769230769,0
510,2,2020-02-08 13:45:34.196066+00:00,2020-02-08 13:58:51.257904+00:00,1,1,1,1,0,-1,0,0.5,1
511,91,2020-02-27 08:59:18.335943+00:00,2021-04-10 11:07:45.571204+00:00,24,24,42,25,11,-2,0,0.46153846153846156,0
512,3,2020-02-22 00:33:20.307569+00:00,2020-02-22 03:50:26.501928+00:00,3,2,2,1,0,0,1,0.6666666666666666,1
513,27,2020-04-30 02:16:09.232675+00:00,2020-05-12 16:00:14.031782+00:00,13,13,14,7,4,0,1,0.5185185185185185,0
514,52,2020-02-25 13:18:11.577506+00:00,2020-11-05 12:17:48.545792+00:00,25,25,25,5,5,0,1,0.4807692307692308,0
515,115,2020-05-09 14:50:04.200494+00:00,2020-05-15 07:59:52.674674+00:00,45,36,37,6,1,0,1,0.3217391304347826,0
516,40,2020-02-28 16:52:38.581281+00:00,2020-03-15 09:48:13.924255+00:00,8,7,10,5,2,0,1,0.25,0
517,250,2020-02-25 13:55:27.118462+00:00,2020-05-12 14:59:33.314504+00:00,107,84,104,24,17,-2,0,0.416,0
519,199,2020-02-26 02:45:43.230463+00:00,2020-05-14 07:58:04.800475+00:00,84,80,88,28,34,-1,0,0.44221105527638194,0
520,29,2020-02-26 02:50:04.161146+00:00,2020-05-11 06:39:24.852419+00:00,4,4,6,2,0,-2,0,0.20689655172413793,1
521,2,2020-02-26 05:12:56.317236+00:00,2020-02-26 05:30:59.713224+00:00,1,1,2,1,0,0,1,1.0,1
522,82,2020-02-26 06:56:46.816099+00:00,2020-05-15 04:25:22.020871+00:00,45,37,37,15,12,-2,0,0.45121951219512196,0
524,37,2020-02-26 08:24:01.597756+00:00,2021-03-21 08:00:47.240149+00:00,17,16,18,9,1,4,0,0.4864864864864865,0
525,3,2020-02-26 08:58:49.900402+00:00,2020-02-26 09:04:12.400628+00:00,1,1,1,1,0,-1,0,0.3333333333333333,1
526,159,2020-02-26 10:47:18.840365+00:00,2020-08-07 21:10:55.599641+00:00,18,13,38,18,63,-1,0,0.2389937106918239,0
527,57,2020-02-26 10:55:30.168367+00:00,2020-05-11 14:43:16.351382+00:00,16,15,15,11,12,-2,0,0.2631578947368421,0
528,113,2020-02-26 11:49:23.147111+00:00,2020-05-12 04:03:04.008881+00:00,50,41,41,15,8,0,1,0.36283185840707965,0
529,118,2020-03-02 05:21:30.327986+00:00,2020-05-14 04:07:54.907205+00:00,53,50,54,27,50,-2,0,0.4576271186440678,0
531,48,2020-02-27 06:50:46.373335+00:00,2020-05-11 05:12:02.193252+00:00,30,30,30,8,18,0,1,0.625,0
532,83,2020-02-27 08:19:03.728775+00:00,2020-05-14 05:17:32.782712+00:00,26,22,27,12,58,0,1,0.3253012048192771,0
533,7,2020-03-01 03:56:04.085508+00:00,2020-03-03 05:44:33.535814+00:00,5,5,5,2,0,0,1,0.7142857142857143,0
534,72,2020-05-09 01:46:08.971970+00:00,2020-05-14 08:01:45.575689+00:00,33,24,26,6,31,-2,0,0.3611111111111111,0
537,2,2020-03-03 10:01:33.840412+00:00,2020-03-03 10:05:19.251199+00:00,1,1,1,1,0,-1,0,0.5,1
538,39,2020-03-10 03:28:01.621325+00:00,2020-05-14 12:55:37.981688+00:00,16,15,15,11,17,0,1,0.38461538461538464,0
539,60,2020-03-08 07:34:01.628263+00:00,2020-05-11 08:55:50.691714+00:00,21,19,21,10,8,0,1,0.35,0
540,8,2020-03-09 07:05:25.229555+00:00,2020-03-09 07:08:16.222540+00:00,1,1,3,1,0,-2,0,0.375,1
541,173,2020-03-09 13:23:59.668268+00:00,2021-03-22 11:28:42.283325+00:00,61,54,56,30,38,4,0,0.3236994219653179,0
542,117,2020-03-13 02:23:09.122752+00:00,2020-04-22 15:10:35.190485+00:00,59,49,56,25,0,0,1,0.47863247863247865,0
543,34,2020-03-13 07:38:52.925227+00:00,2020-05-11 07:16:44.157685+00:00,13,10,12,5,0,-2,0,0.35294117647058826,0
545,7,2020-03-18 03:38:55.328207+00:00,2020-03-25 04:56:35.101172+00:00,2,2,5,3,0,0,1,0.7142857142857143,1
546,325,2020-03-18 02:36:32.955782+00:00,2020-07-31 03:24:25.469622+00:00,129,120,172,27,89,0,1,0.5292307692307693,0
547,13,2020-03-22 11:15:57.896298+00:00,2020-03-22 12:17:52.040744+00:00,1,1,3,1,0,-1,0,0.23076923076923078,1
549,65,2020-03-22 07:12:53.498970+00:00,2020-05-11 02:38:27.670289+00:00,22,21,30,7,0,-2,0,0.46153846153846156,0
551,11,2020-03-23 09:37:58.627772+00:00,2020-03-29 07:18:40.881573+00:00,3,2,2,3,0,-2,0,0.18181818181818182,1
552,59,2020-03-31 01:29:18.344150+00:00,2020-06-28 06:59:26.592352+00:00,20,16,17,13,12,0,1,0.288135593220339,0
554,9,2020-04-01 13:11:22.166210+00:00,2020-04-01 14:35:54.780012+00:00,3,3,4,1,1,-2,0,0.4444444444444444,1
555,2,2020-04-10 14:12:36.506332+00:00,2020-04-10 14:13:20.048944+00:00,1,0,0,1,0,-2,0,0.0,1
556,21,2020-04-11 16:40:29.241934+00:00,2020-04-22 15:21:36.269828+00:00,5,3,4,5,0,-1,0,0.19047619047619047,1
557,65,2020-04-14 05:21:00.903039+00:00,2020-05-14 11:58:31.771419+00:00,33,28,30,9,14,-2,0,0.46153846153846156,0
559,7,2020-04-25 02:16:08.763573+00:00,2020-04-25 02:25:28.674518+00:00,1,1,2,1,0,-2,0,0.2857142857142857,1
561,134,2020-04-29 15:09:18.556908+00:00,2020-05-13 09:09:57.494292+00:00,25,12,15,8,46,-2,0,0.11194029850746269,0
562,9,2020-04-30 00:28:48.665120+00:00,2020-05-13 06:47:06.352078+00:00,3,2,2,3,0,0,1,0.2222222222222222,1
563,24,2020-04-30 00:33:19.407362+00:00,2020-05-11 14:10:14.437428+00:00,10,10,16,2,0,0,1,0.6666666666666666,0
564,40,2020-04-30 01:17:57.144681+00:00,2020-05-14 15:26:48.981824+00:00,20,17,17,4,0,0,1,0.425,0
565,35,2020-05-07 11:21:18.347167+00:00,2020-05-11 02:33:45.809992+00:00,23,23,24,4,0,0,1,0.6857142857142857,0
566,30,2020-05-03 06:49:38.423342+00:00,2020-05-14 13:47:56.232251+00:00,13,13,15,6,0,0,1,0.5,0
567,2,2020-05-04 09:03:04.764518+00:00,2020-05-04 09:05:11.365863+00:00,1,1,1,1,0,-2,0,0.5,1
568,2,2020-05-07 01:35:00.857433+00:00,2020-05-07 01:35:47.230659+00:00,1,1,1,1,0,-2,0,0.5,1
569,11,2020-07-24 00:44:37.137330+00:00,2020-12-14 09:15:28.068432+00:00,3,0,0,4,0,-1,0,0.0,1
570,69,2020-05-08 03:22:26.884720+00:00,2020-11-17 10:04:38.811579+00:00,42,40,45,9,11,0,1,0.6521739130434783,0
571,3,2020-05-12 01:23:16.280470+00:00,2020-05-12 02:12:40.520328+00:00,3,3,3,1,0,0,1,1.0,1
572,8,2020-05-08 14:42:10.560733+00:00,2020-05-11 03:35:27.268058+00:00,4,4,4,2,0,-2,0,0.5,1
573,18,2020-05-07 08:42:46.675076+00:00,2020-05-11 16:08:16.170454+00:00,5,5,6,2,0,4,0,0.3333333333333333,0
574,33,2020-05-07 08:42:31.669847+00:00,2020-05-12 09:21:37.373684+00:00,12,12,14,5,0,0,1,0.42424242424242425,0
576,3,2020-05-11 02:27:27.533733+00:00,2020-05-11 02:38:57.376497+00:00,3,3,3,1,0,0,1,1.0,1
577,26,2020-05-11 01:38:53.209776+00:00,2020-05-12 02:42:57.796838+00:00,3,2,2,2,0,-2,0,0.07692307692307693,1
578,4,2020-05-07 09:32:39.816307+00:00,2020-05-07 09:44:48.620864+00:00,1,1,1,1,0,-1,0,0.25,1
579,3,2020-05-07 11:56:14.848985+00:00,2020-05-07 11:56:55.846764+00:00,1,1,1,1,0,-2,0,0.3333333333333333,1
580,22,2020-05-07 13:15:41.966053+00:00,2020-05-09 03:37:12.283362+00:00,4,4,8,3,12,-2,0,0.36363636363636365,1
581,23,2020-05-09 06:50:40.357984+00:00,2020-05-10 12:38:36.505511+00:00,18,16,16,2,3,0,1,0.6956521739130435,0
582,21,2020-05-07 12:50:07.609975+00:00,2020-05-13 12:25:37.401531+00:00,9,9,16,4,0,0,1,0.7619047619047619,0
583,51,2020-05-07 14:28:35.805334+00:00,2020-05-15 02:30:49.504264+00:00,20,20,22,8,11,-1,0,0.43137254901960786,0
584,6,2020-05-07 15:24:36.535915+00:00,2020-05-07 15:30:20.458867+00:00,1,1,1,1,0,-2,0,0.16666666666666666,1
585,23,2020-05-11 02:33:40.987401+00:00,2020-05-25 14:33:23.258684+00:00,6,6,9,4,23,0,1,0.391304347826087,0
586,17,2020-05-08 02:15:42.811369+00:00,2020-05-14 04:47:28.847792+00:00,10,10,14,5,3,0,1,0.8235294117647058,0
587,51,2020-05-08 04:47:25.636895+00:00,2020-05-15 07:59:05.460904+00:00,11,9,12,6,6,-2,0,0.23529411764705882,0
588,22,2020-05-08 13:45:25.392957+00:00,2020-05-15 06:43:08.969573+00:00,5,4,4,4,0,-2,0,0.18181818181818182,1
589,10,2020-05-08 07:05:00.888628+00:00,2020-05-10 04:12:09.908422+00:00,3,2,2,3,0,-1,0,0.2,1
590,36,2020-05-08 09:11:14.290890+00:00,2021-04-17 13:52:55.016713+00:00,14,14,16,8,13,-1,0,0.4444444444444444,0
591,32,2020-05-09 07:05:01.522321+00:00,2020-05-11 07:59:05.005977+00:00,11,9,10,3,0,0,1,0.3125,0
592,19,2020-05-08 09:02:59.922772+00:00,2020-05-12 01:11:15.253440+00:00,8,8,8,5,2,0,1,0.42105263157894735,0
594,78,2020-05-08 13:10:29.008583+00:00,2021-06-21 11:27:20.890390+00:00,35,31,38,30,21,0,1,0.48717948717948717,0
595,169,2020-05-08 13:31:07.057672+00:00,2020-06-05 02:46:45.314592+00:00,54,52,53,21,12,-2,0,0.3136094674556213,0
596,14,2020-05-08 15:36:50.384177+00:00,2020-05-15 03:52:40.747081+00:00,9,8,8,3,0,-2,0,0.5714285714285714,0
597,4,2020-05-09 01:28:43.431081+00:00,2020-05-11 03:06:57.765804+00:00,4,4,4,2,0,0,1,1.0,1
598,25,2020-05-09 02:42:28.379922+00:00,2020-05-14 08:18:36.902037+00:00,19,17,18,4,1,0,1,0.72,0
599,225,2020-05-09 05:22:21.070588+00:00,2020-07-29 13:33:30.348866+00:00,118,90,94,23,1,-1,0,0.4177777777777778,0
601,5,2020-05-15 04:22:55.651339+00:00,2020-05-15 07:52:52.224697+00:00,5,5,5,1,0,0,1,1.0,0
602,7,2020-05-15 06:24:06.808576+00:00,2020-05-15 07:42:55.349514+00:00,5,5,5,1,0,0,1,0.7142857142857143,0
603,6,2020-05-15 06:13:33.339267+00:00,2020-05-15 07:55:55.718301+00:00,4,4,4,1,0,-1,0,0.6666666666666666,1
604,7,2020-05-15 04:17:28.213983+00:00,2020-05-15 07:57:00.344048+00:00,5,3,3,1,0,0,1,0.42857142857142855,1
605,8,2020-05-15 06:12:22.717021+00:00,2020-05-15 07:30:42.082723+00:00,3,1,1,1,0,0,1,0.125,1
606,20,2020-05-15 06:20:32.686728+00:00,2020-05-15 07:49:10.814070+00:00,5,5,5,1,0,0,1,0.25,0
607,10,2020-05-15 07:04:21.443731+00:00,2020-05-15 07:58:33.664967+00:00,4,0,0,1,0,1,0,0.0,1
608,11,2020-05-15 06:12:10.096707+00:00,2020-05-15 07:55:39.883870+00:00,5,5,6,1,0,-1,0,0.5454545454545454,0
609,20,2020-05-15 06:17:58.573389+00:00,2020-05-15 07:40:41.377739+00:00,5,5,5,1,0,-2,0,0.25,0
610,18,2020-05-15 06:07:35.599625+00:00,2020-05-15 07:46:07.119083+00:00,3,2,3,1,0,-1,0,0.16666666666666666,1
611,23,2020-05-15 06:17:31.359526+00:00,2020-05-15 07:50:35.206595+00:00,5,0,0,1,0,-2,0,0.0,1
612,10,2020-05-15 06:17:57.675767+00:00,2020-05-15 07:57:37.388379+00:00,3,3,3,1,0,-2,0,0.3,1
613,10,2020-05-15 06:14:29.107674+00:00,2020-05-15 07:22:54.508471+00:00,3,3,3,1,0,0,1,0.3,1
614,7,2020-05-13 07:50:13.813154+00:00,2020-05-15 07:23:54.755316+00:00,3,2,2,2,0,0,1,0.2857142857142857,1
616,5,2020-05-15 06:33:12.336713+00:00,2020-05-15 07:50:08.535811+00:00,3,2,2,1,0,0,1,0.4,1
617,7,2020-05-15 06:25:34.335076+00:00,2020-05-15 07:55:11.131478+00:00,3,2,2,1,0,0,1,0.2857142857142857,1
618,21,2020-05-15 00:50:17.902397+00:00,2020-05-15 07:57:19.618799+00:00,5,2,2,1,0,-2,0,0.09523809523809523,1
619,17,2020-05-15 06:33:19.446627+00:00,2020-05-15 07:58:44.058827+00:00,4,1,1,1,0,1,0,0.058823529411764705,1
620,9,2020-05-15 06:21:59.614855+00:00,2020-05-15 07:59:14.218880+00:00,3,0,0,1,0,-1,0,0.0,1
621,9,2020-05-15 06:14:46.623405+00:00,2020-05-15 07:43:59.468337+00:00,5,5,5,1,0,-2,0,0.5555555555555556,0
622,15,2020-05-11 01:27:23.377339+00:00,2020-05-15 07:52:13.996958+00:00,8,7,9,3,0,0,1,0.6,0
623,22,2020-05-10 12:44:36.791439+00:00,2020-05-15 07:59:37.958381+00:00,9,8,10,3,0,-1,0,0.45454545454545453,0
624,7,2020-05-15 06:21:44.342926+00:00,2020-05-15 07:55:35.723684+00:00,3,1,1,1,0,0,1,0.14285714285714285,1
625,13,2020-05-11 04:23:14.416821+00:00,2020-05-15 07:59:09.728327+00:00,5,2,2,2,0,-2,0,0.15384615384615385,1
626,17,2020-05-15 06:19:58.341601+00:00,2020-05-15 07:59:24.342596+00:00,3,2,2,1,0,1,0,0.11764705882352941,1
627,8,2020-05-15 06:12:28.425719+00:00,2020-05-15 07:34:22.670372+00:00,5,4,4,1,0,-1,0,0.5,1
628,16,2020-05-15 03:39:31.038133+00:00,2020-05-15 07:57:52.832783+00:00,4,3,3,1,1,0,1,0.1875,1
629,5,2020-05-15 06:29:00.065944+00:00,2020-05-15 07:59:06.520279+00:00,3,1,2,1,0,-1,0,0.4,1
630,22,2020-05-15 06:43:45.769788+00:00,2020-05-15 07:59:49.659657+00:00,3,2,2,1,0,-1,0,0.09090909090909091,1
631,5,2020-05-15 06:03:39.817297+00:00,2020-05-15 06:43:42.324092+00:00,5,5,5,1,0,0,1,1.0,0
632,53,2020-05-11 01:05:06.686807+00:00,2020-05-15 07:47:21.036485+00:00,24,24,26,5,9,0,1,0.49056603773584906,0
633,12,2020-05-15 07:19:17.807801+00:00,2020-05-15 07:59:40.781118+00:00,1,0,0,1,0,-1,0,0.0,1
634,15,2020-05-15 06:29:02.083908+00:00,2020-05-15 07:53:01.583491+00:00,3,3,3,1,0,0,1,0.2,1
635,13,2020-05-15 07:09:14.478425+00:00,2020-05-15 07:59:17.667767+00:00,4,0,0,1,0,-1,0,0.0,1
636,10,2020-05-11 07:14:04.549414+00:00,2020-05-15 07:57:50.036335+00:00,7,4,4,2,0,0,1,0.4,1
638,9,2020-05-15 06:40:00.648831+00:00,2020-05-15 07:59:38.607485+00:00,3,0,0,1,0,-1,0,0.0,1
639,5,2020-05-15 06:37:21.341057+00:00,2020-05-15 07:57:32.633228+00:00,3,2,2,1,0,0,1,0.4,1
640,11,2020-05-15 06:06:30.323464+00:00,2020-05-15 07:23:58.622580+00:00,5,5,6,1,0,0,1,0.5454545454545454,0
641,21,2020-05-11 01:47:02.770791+00:00,2020-05-15 07:59:14.927669+00:00,7,5,5,3,0,0,1,0.23809523809523808,0
642,9,2020-05-15 06:42:42.920764+00:00,2020-05-15 07:53:01.430678+00:00,4,2,2,1,0,-1,0,0.2222222222222222,1
643,11,2020-05-15 06:12:07.092995+00:00,2020-05-15 07:59:12.904512+00:00,3,1,1,1,0,-1,0,0.09090909090909091,1
644,26,2020-05-15 06:11:46.650456+00:00,2020-05-15 07:59:53.046883+00:00,3,2,2,1,0,-1,0,0.07692307692307693,1
645,9,2020-05-15 06:21:20.375588+00:00,2020-05-15 07:58:25.540136+00:00,3,2,2,1,0,0,1,0.2222222222222222,1
647,26,2020-05-11 09:32:11.739071+00:00,2020-05-15 07:56:25.606964+00:00,7,7,11,2,0,0,1,0.4230769230769231,0
648,20,2020-05-15 06:22:56.010792+00:00,2020-05-15 07:59:14.459233+00:00,4,3,4,1,0,0,1,0.2,1
649,33,2020-05-15 02:41:26.335699+00:00,2020-05-15 07:57:46.846063+00:00,9,8,8,1,0,0,1,0.24242424242424243,0
650,9,2020-05-15 06:08:28.342301+00:00,2020-05-15 07:46:56.585123+00:00,5,5,6,1,0,0,1,0.6666666666666666,0
651,10,2020-05-11 04:49:45.800877+00:00,2020-05-15 07:51:55.736636+00:00,7,5,5,2,0,0,1,0.5,0
652,13,2020-05-11 04:43:44.482575+00:00,2020-05-15 07:59:13.477748+00:00,7,3,3,2,0,0,1,0.23076923076923078,1
653,8,2020-05-15 06:36:09.632994+00:00,2020-05-15 07:58:20.572036+00:00,3,1,1,1,0,-1,0,0.125,1
654,6,2020-05-15 06:10:21.128923+00:00,2020-05-15 07:50:22.468457+00:00,4,2,2,1,0,0,1,0.3333333333333333,1
655,5,2020-05-15 06:21:45.678926+00:00,2020-05-15 07:56:38.878845+00:00,2,0,0,1,0,4,0,0.0,1
656,17,2020-05-15 06:28:40.064933+00:00,2020-05-15 08:05:09.293698+00:00,3,0,0,1,0,-2,0,0.0,1
657,9,2020-05-15 06:31:53.629166+00:00,2020-05-15 07:59:45.913601+00:00,2,0,0,1,0,-1,0,0.0,1
658,13,2020-05-15 06:20:08.245753+00:00,2020-05-15 07:59:25.911905+00:00,4,2,2,1,0,0,1,0.15384615384615385,1
659,7,2020-05-15 06:16:47.650032+00:00,2020-05-15 07:58:58.374664+00:00,3,2,2,1,0,0,1,0.2857142857142857,1
660,6,2020-05-15 05:34:07.565252+00:00,2020-05-15 07:42:39.043275+00:00,6,6,6,1,0,0,1,1.0,0
661,19,2020-05-11 04:33:37.514856+00:00,2020-05-15 07:59:27.674384+00:00,8,3,3,2,0,0,1,0.15789473684210525,1
662,19,2020-05-15 06:34:01.642935+00:00,2020-05-15 07:53:03.458141+00:00,5,2,2,1,0,1,0,0.10526315789473684,1
663,26,2020-05-15 06:23:34.660721+00:00,2020-05-15 07:58:39.214812+00:00,2,0,0,1,0,1,0,0.0,1
664,24,2020-05-11 02:00:30.935790+00:00,2020-05-15 07:21:17.488752+00:00,3,2,4,3,0,-2,0,0.16666666666666666,1
665,12,2020-05-15 03:28:01.931727+00:00,2020-05-15 07:58:40.106658+00:00,3,2,2,1,0,-2,0,0.16666666666666666,1
666,19,2020-05-15 06:27:36.159604+00:00,2020-05-15 07:59:04.139474+00:00,3,1,1,1,0,-1,0,0.05263157894736842,1
668,34,2020-05-11 00:05:31.061632+00:00,2020-05-15 07:59:46.202246+00:00,16,12,13,4,3,0,1,0.38235294117647056,0
669,7,2020-05-15 06:24:52.988139+00:00,2020-05-15 07:57:27.899909+00:00,3,0,0,1,0,-1,0,0.0,1
670,23,2020-05-09 12:34:37.012673+00:00,2020-05-14 06:35:16.913858+00:00,4,4,5,3,0,0,1,0.21739130434782608,1
671,5,2020-05-09 13:55:00.284435+00:00,2020-05-15 05:06:12.996601+00:00,5,5,5,3,1,0,1,1.0,0
672,30,2020-05-11 02:34:23.213583+00:00,2020-05-11 04:46:55.611446+00:00,3,3,5,1,0,0,1,0.16666666666666666,1
674,13,2020-05-11 03:04:45.060028+00:00,2020-05-11 05:19:29.315801+00:00,3,3,4,1,0,0,1,0.3076923076923077,1
675,3,2020-05-10 13:56:59.478778+00:00,2020-05-10 13:58:27.831988+00:00,1,1,1,1,0,-2,0,0.3333333333333333,1
676,10,2020-05-11 00:54:31.947232+00:00,2020-05-11 07:42:30.517941+00:00,7,7,8,1,0,0,1,0.8,0
677,26,2020-05-11 02:33:52.930477+00:00,2020-05-14 07:29:58.652230+00:00,5,5,8,2,13,-2,0,0.3076923076923077,0
678,17,2020-05-13 02:21:14.482859+00:00,2020-05-15 02:27:32.057438+00:00,7,6,7,3,1,0,1,0.4117647058823529,0
679,3,2020-05-11 03:03:19.106588+00:00,2020-05-12 14:08:08.669389+00:00,2,1,1,2,0,0,1,0.3333333333333333,1
681,8,2020-05-11 07:25:48.547914+00:00,2020-05-14 11:36:24.020621+00:00,3,3,5,2,0,0,1,0.625,1
683,21,2020-05-11 13:00:05.223660+00:00,2020-05-14 13:21:14.312654+00:00,9,8,11,4,5,0,1,0.5238095238095238,0
685,7,2020-05-13 15:48:14.787000+00:00,2020-05-14 03:09:52.718959+00:00,3,3,3,2,0,0,1,0.42857142857142855,1
686,2,2020-05-13 09:25:55.651347+00:00,2020-05-13 09:26:06.592786+00:00,1,1,2,1,2,0,1,1.0,1
688,1,2020-05-14 13:38:05.916570+00:00,2020-05-14 13:38:05.916570+00:00,1,1,1,1,0,0,1,1.0,1
689,4,2020-05-15 04:04:59.266065+00:00,2020-05-15 04:10:31.316729+00:00,1,1,2,1,0,-2,0,0.5,1
691,21,2020-05-15 22:41:21.551231+00:00,2020-05-31 09:35:35.016378+00:00,9,6,6,5,6,0,1,0.2857142857142857,0
692,2,2020-05-16 00:34:39.632818+00:00,2020-05-16 00:35:10.510744+00:00,1,1,1,1,0,-2,0,0.5,1
693,78,2020-05-17 10:32:32.495341+00:00,2020-06-05 02:36:50.130857+00:00,41,38,42,9,43,4,0,0.5384615384615384,0
694,14,2020-05-19 12:44:01.177811+00:00,2020-05-25 08:05:47.973525+00:00,10,10,10,4,1,-2,0,0.7142857142857143,0
695,511,2020-05-21 02:26:02.401744+00:00,2020-06-05 00:50:37.515890+00:00,23,23,208,14,126,-2,0,0.4070450097847358,0
696,7,2020-05-21 06:09:49.232476+00:00,2020-05-26 06:49:45.236241+00:00,5,5,5,3,0,0,1,0.7142857142857143,0
697,3,2020-05-22 12:57:37.144473+00:00,2020-05-22 12:59:30.364294+00:00,1,1,1,1,0,-2,0,0.3333333333333333,1
698,13,2020-05-23 04:24:44.840922+00:00,2020-05-23 13:43:38.844067+00:00,3,3,3,1,0,0,1,0.23076923076923078,1
699,42,2020-05-23 12:27:01.687575+00:00,2020-05-27 13:00:32.078473+00:00,4,3,11,3,0,-2,0,0.2619047619047619,1
700,22,2020-05-24 12:17:31.840004+00:00,2020-05-27 11:49:05.279385+00:00,11,11,17,4,1,0,1,0.7727272727272727,0
701,219,2020-06-02 06:37:04.950956+00:00,2020-07-31 03:26:00.015752+00:00,101,90,91,27,65,0,1,0.4155251141552511,0
702,64,2020-05-26 12:14:49.122040+00:00,2020-07-24 03:12:39.959427+00:00,37,33,34,5,15,-1,0,0.53125,0
703,132,2020-07-12 15:30:28.953719+00:00,2020-07-31 03:29:21.608595+00:00,99,83,83,8,30,0,1,0.6287878787878788,0
704,154,2020-07-06 08:59:21.465348+00:00,2020-12-15 03:14:41.243258+00:00,66,59,80,17,40,-2,0,0.5194805194805194,0
705,251,2020-05-29 06:07:02.222087+00:00,2020-07-24 03:22:25.530310+00:00,109,108,118,21,62,-1,0,0.4701195219123506,0
706,2,2020-05-28 00:34:27.267781+00:00,2020-05-28 00:34:39.507638+00:00,1,1,1,1,0,4,0,0.5,1
707,45,2020-05-28 15:07:03.874054+00:00,2020-05-30 21:17:41.892715+00:00,21,20,27,3,0,0,1,0.6,0
708,79,2020-05-29 10:37:11.709119+00:00,2020-06-04 13:09:23.803764+00:00,22,12,12,5,7,0,1,0.1518987341772152,0
710,13,2020-06-03 12:17:40.262338+00:00,2020-06-05 07:56:49.324136+00:00,5,4,4,2,0,0,1,0.3076923076923077,1
711,8,2020-06-05 04:37:20.889901+00:00,2020-06-05 07:58:28.925558+00:00,5,0,0,1,0,4,0,0.0,1
712,28,2020-06-02 14:16:00.222870+00:00,2020-06-05 07:54:08.063196+00:00,10,5,5,3,0,-1,0,0.17857142857142858,0
713,68,2020-06-02 09:37:22.980662+00:00,2020-06-05 07:57:30.903108+00:00,7,5,6,2,0,-2,0,0.08823529411764706,0
714,12,2020-06-05 06:32:08.876890+00:00,2020-06-05 07:59:52.708074+00:00,4,0,0,1,0,-2,0,0.0,1
715,11,2020-06-01 02:58:44.621801+00:00,2020-06-05 07:58:29.980633+00:00,7,4,4,2,0,-2,0,0.36363636363636365,1
716,48,2020-06-02 10:52:16.012356+00:00,2020-06-05 07:57:16.070465+00:00,10,7,11,2,0,-2,0,0.22916666666666666,0
717,97,2020-06-02 08:43:12.007831+00:00,2020-06-05 07:59:00.300228+00:00,14,9,10,3,6,4,0,0.10309278350515463,0
718,10,2020-05-31 13:56:41.505433+00:00,2020-06-05 07:59:11.759015+00:00,4,3,4,2,0,0,1,0.4,1
719,11,2020-06-03 12:18:55.095189+00:00,2020-06-05 07:58:57.303849+00:00,6,3,3,2,0,0,1,0.2727272727272727,1
720,33,2020-06-01 01:57:05.356419+00:00,2020-06-05 07:59:41.234359+00:00,7,4,5,3,0,-2,0,0.15151515151515152,1
721,9,2020-06-01 02:15:40.527258+00:00,2020-06-05 07:56:44.504654+00:00,7,6,6,2,0,0,1,0.6666666666666666,0
722,171,2020-06-03 10:20:47.430844+00:00,2020-06-05 07:50:35.073300+00:00,45,36,37,3,13,4,0,0.21637426900584794,0
723,81,2020-06-02 00:47:20.232959+00:00,2020-06-05 07:48:51.014071+00:00,25,17,20,3,7,-1,0,0.24691358024691357,0
724,2,2020-05-31 01:29:05.239132+00:00,2020-05-31 01:30:39.020490+00:00,1,1,1,1,0,-1,0,0.5,1
725,2,2020-06-13 03:04:40.554110+00:00,2020-06-13 03:09:03.264099+00:00,1,1,1,1,0,-1,0,0.5,1
727,2,2020-06-08 03:52:21.264801+00:00,2020-06-08 03:56:11.717250+00:00,2,2,2,1,0,0,1,1.0,1
728,141,2020-06-23 12:32:19.035918+00:00,2020-07-24 03:28:10.802594+00:00,99,96,96,14,38,0,1,0.6808510638297872,0
731,13,2020-06-24 03:10:46.760200+00:00,2020-07-20 01:53:52.699107+00:00,4,3,3,3,0,4,0,0.23076923076923078,1
732,15,2020-06-25 03:03:21.578376+00:00,2020-07-14 12:55:24.224331+00:00,9,9,10,3,0,-2,0,0.6666666666666666,0
733,110,2020-07-02 15:01:17.282928+00:00,2020-07-31 03:29:22.346532+00:00,56,45,45,11,12,0,1,0.4090909090909091,0
736,20,2020-07-04 02:05:53.973457+00:00,2020-07-07 08:21:00.519672+00:00,4,4,4,2,16,-1,0,0.2,1
737,10,2020-07-08 08:52:41.208584+00:00,2020-07-08 10:51:05.022994+00:00,3,3,3,1,0,0,1,0.3,1
739,29,2020-07-08 01:11:49.146714+00:00,2020-07-14 09:36:36.483008+00:00,13,9,11,4,18,0,1,0.3793103448275862,0
740,76,2020-07-04 09:43:46.561160+00:00,2020-07-13 02:31:57.470353+00:00,18,15,21,8,28,0,1,0.27631578947368424,0
741,5,2020-07-04 12:30:11.589414+00:00,2020-07-04 13:40:09.452048+00:00,1,1,2,1,5,-1,0,0.4,1
743,15,2020-07-11 08:24:52.857359+00:00,2020-07-11 11:10:38.481963+00:00,3,3,3,1,0,-2,0,0.2,1
745,11,2020-07-15 00:37:57.997523+00:00,2020-07-15 02:10:47.058818+00:00,6,6,6,1,0,0,1,0.5454545454545454,0
747,11,2020-07-08 04:20:48.436984+00:00,2020-07-15 03:20:55.915769+00:00,7,4,4,2,0,0,1,0.36363636363636365,1
748,12,2020-07-13 05:24:23.428912+00:00,2020-07-15 03:25:13.486848+00:00,5,3,3,2,0,0,1,0.25,1
749,50,2020-07-07 13:09:32.081852+00:00,2020-07-15 05:34:47.296337+00:00,32,32,33,7,36,-1,0,0.66,0
750,34,2020-07-15 00:41:02.177638+00:00,2020-07-15 03:29:07.389507+00:00,5,1,1,1,0,-1,0,0.029411764705882353,1
751,16,2020-07-08 11:31:07.611669+00:00,2020-07-15 02:56:02.466422+00:00,9,5,5,4,3,0,1,0.3125,0
752,5,2020-07-15 01:07:15.888648+00:00,2020-07-15 03:13:44.233833+00:00,2,1,1,1,0,0,1,0.2,1
753,21,2020-07-08 02:40:02.755987+00:00,2020-07-15 03:29:20.897436+00:00,8,7,7,2,0,0,1,0.3333333333333333,0
754,75,2020-07-08 04:19:35.515117+00:00,2020-07-15 03:29:14.882916+00:00,16,11,12,4,2,0,1,0.16,0
755,33,2020-07-10 15:00:21.892430+00:00,2020-07-15 03:28:24.304310+00:00,9,7,8,4,0,4,0,0.24242424242424243,0
756,13,2020-07-15 00:39:29.131518+00:00,2020-07-15 03:29:15.905846+00:00,6,3,3,1,0,4,0,0.23076923076923078,1
757,29,2020-07-15 00:35:12.967423+00:00,2020-07-15 03:28:48.305396+00:00,6,3,4,1,0,0,1,0.13793103448275862,1
758,11,2020-07-14 15:11:13.412942+00:00,2020-07-15 03:29:20.592054+00:00,4,2,4,2,0,0,1,0.36363636363636365,1
760,25,2020-07-08 06:24:31.748684+00:00,2020-07-15 03:25:15.538188+00:00,10,8,10,3,0,0,1,0.4,0
761,5,2020-07-15 00:36:28.082709+00:00,2020-07-15 03:27:00.233442+00:00,4,3,3,1,0,0,1,0.6,1
762,34,2020-07-08 11:54:01.010711+00:00,2020-07-15 03:29:29.564196+00:00,8,7,7,3,0,0,1,0.20588235294117646,0
763,51,2020-07-14 00:55:10.466847+00:00,2020-07-15 03:28:46.947914+00:00,8,4,4,2,0,0,1,0.0784313725490196,1
765,22,2020-07-08 00:30:32.030135+00:00,2020-07-15 03:27:40.155919+00:00,9,6,6,3,0,0,1,0.2727272727272727,0
766,18,2020-07-12 06:18:57.765999+00:00,2020-07-15 03:29:04.178719+00:00,6,4,5,3,0,0,1,0.2777777777777778,1
767,4,2020-07-15 01:28:45.152367+00:00,2020-07-15 02:51:06.327294+00:00,3,2,2,1,0,0,1,0.5,1
768,5,2020-07-15 00:46:05.438866+00:00,2020-07-15 03:29:10.535504+00:00,5,2,2,1,0,0,1,0.4,1
769,16,2020-07-08 14:14:13.394168+00:00,2020-07-15 03:10:44.704773+00:00,5,3,3,2,0,-1,0,0.1875,1
770,12,2020-07-15 00:41:53.873608+00:00,2020-07-15 03:26:27.895075+00:00,5,4,4,1,0,-1,0,0.3333333333333333,1
771,10,2020-07-15 00:34:29.616896+00:00,2020-07-15 02:51:06.382324+00:00,5,5,5,1,0,-1,0,0.5,0
772,20,2020-07-13 11:48:38.861606+00:00,2020-07-15 03:26:14.432201+00:00,7,6,7,2,0,0,1,0.35,0
773,10,2020-07-08 03:18:14.069952+00:00,2020-07-15 03:29:43.073858+00:00,8,5,6,2,0,0,1,0.6,0
774,28,2020-07-08 12:01:13.915382+00:00,2020-07-15 03:27:46.586573+00:00,7,6,6,2,0,-2,0,0.21428571428571427,0
775,73,2020-07-08 10:54:21.100392+00:00,2020-10-05 00:32:03.128337+00:00,24,22,36,10,9,0,1,0.4931506849315068,0
776,17,2020-07-15 00:33:54.084006+00:00,2020-07-15 03:29:55.715741+00:00,6,4,4,1,0,0,1,0.23529411764705882,1
777,31,2020-07-08 03:29:15.663436+00:00,2020-07-15 03:06:53.427844+00:00,9,9,9,2,0,0,1,0.2903225806451613,0
778,47,2020-07-08 01:04:19.383483+00:00,2020-07-15 03:29:16.340923+00:00,6,3,3,2,0,-1,0,0.06382978723404255,1
779,17,2020-07-11 12:44:44.911037+00:00,2020-07-15 02:42:29.623596+00:00,9,9,9,2,0,0,1,0.5294117647058824,0
780,107,2020-07-10 11:55:40.828804+00:00,2020-07-20 14:40:14.768367+00:00,33,28,33,8,13,0,1,0.308411214953271,0
781,11,2020-07-15 01:15:02.255321+00:00,2020-07-15 02:31:26.671435+00:00,2,0,0,1,0,-1,0,0.0,1
782,7,2020-07-15 00:33:18.211429+00:00,2020-07-15 01:25:18.221198+00:00,6,6,6,1,0,0,1,0.8571428571428571,0
783,27,2020-07-08 01:11:13.289065+00:00,2020-07-15 03:25:58.542177+00:00,10,9,9,4,5,0,1,0.3333333333333333,0
784,96,2020-07-08 03:41:09.798422+00:00,2020-07-15 03:27:02.464754+00:00,12,6,10,4,12,-2,0,0.10416666666666667,0
785,13,2020-07-15 00:55:01.909825+00:00,2020-07-15 03:29:19.110485+00:00,3,2,2,1,0,-1,0,0.15384615384615385,1
786,9,2020-07-15 00:38:13.088367+00:00,2020-07-15 02:16:32.454581+00:00,3,2,2,1,0,-1,0,0.2222222222222222,1
787,17,2020-07-15 00:33:38.966097+00:00,2020-07-15 02:54:56.345505+00:00,6,6,6,1,0,-1,0,0.35294117647058826,0
788,8,2020-07-15 00:42:07.842432+00:00,2020-07-15 03:27:44.348712+00:00,4,0,0,1,0,-1,0,0.0,1
789,7,2020-07-08 10:13:50.575251+00:00,2020-07-15 03:08:31.644056+00:00,4,1,1,3,0,-2,0,0.14285714285714285,1
790,25,2020-07-12 08:54:23.343870+00:00,2020-07-15 03:28:22.540175+00:00,7,5,5,2,0,-2,0,0.2,0
791,11,2020-07-14 07:21:30.378946+00:00,2020-07-15 03:17:57.088031+00:00,6,6,8,2,0,0,1,0.7272727272727273,0
792,14,2020-07-15 00:42:08.970762+00:00,2020-07-15 03:29:26.114903+00:00,4,3,4,1,0,0,1,0.2857142857142857,1
793,24,2020-07-12 07:03:31.316734+00:00,2020-07-15 03:29:52.014656+00:00,9,8,8,2,0,0,1,0.3333333333333333,0
794,36,2020-07-08 04:03:45.953297+00:00,2020-07-15 03:28:28.452677+00:00,9,6,6,2,0,0,1,0.16666666666666666,0
795,6,2020-07-15 00:47:38.451608+00:00,2020-07-15 03:10:31.569592+00:00,3,2,2,1,0,-2,0,0.3333333333333333,1
796,8,2020-07-15 00:47:34.876337+00:00,2020-07-15 03:26:31.323803+00:00,4,0,0,1,0,-1,0,0.0,1
797,23,2020-07-08 03:50:38.903501+00:00,2020-07-15 03:14:46.420101+00:00,9,8,11,2,0,0,1,0.4782608695652174,0
798,10,2020-07-15 00:39:53.901406+00:00,2020-07-15 03:29:36.222709+00:00,6,3,3,1,0,-1,0,0.3,1
799,1,2020-07-12 03:40:43.998304+00:00,2020-07-12 03:40:43.998304+00:00,1,1,1,1,0,0,1,1.0,1
801,43,2020-07-12 01:25:03.852277+00:00,2020-07-15 03:28:53.884965+00:00,10,5,5,3,8,-2,0,0.11627906976744186,0
802,15,2020-07-14 09:03:53.365619+00:00,2020-07-15 02:57:21.712321+00:00,8,7,7,2,4,0,1,0.4666666666666667,0
803,17,2020-07-08 09:13:19.107093+00:00,2020-07-15 03:28:13.049165+00:00,8,3,3,2,0,4,0,0.17647058823529413,1
804,31,2020-07-14 13:54:34.827796+00:00,2020-07-15 03:23:02.526472+00:00,4,3,3,2,0,-2,0,0.0967741935483871,1
806,29,2020-07-08 04:12:14.962594+00:00,2020-07-14 15:35:51.491047+00:00,5,3,4,3,0,-2,0,0.13793103448275862,1
807,16,2020-07-13 23:53:31.869468+00:00,2020-07-14 10:15:02.683330+00:00,5,5,6,2,0,-2,0,0.375,0
808,5,2020-07-08 01:37:48.049136+00:00,2020-07-08 01:49:48.611389+00:00,3,3,3,1,0,0,1,0.6,1
809,20,2020-07-08 02:11:25.349331+00:00,2020-07-12 02:31:24.473895+00:00,10,9,9,3,0,0,1,0.45,0
810,3,2020-07-08 03:00:34.359199+00:00,2020-07-08 03:29:28.552667+00:00,3,3,3,1,0,0,1,1.0,1
812,16,2020-07-08 05:48:08.225819+00:00,2020-07-14 15:01:59.469848+00:00,6,5,5,2,0,0,1,0.3125,0
813,17,2020-07-08 07:56:51.262848+00:00,2020-07-08 11:22:45.732389+00:00,3,3,6,1,0,-2,0,0.35294117647058826,1
814,3,2020-07-08 12:30:30.004609+00:00,2020-07-08 12:45:20.620224+00:00,3,3,3,1,0,0,1,1.0,1
816,30,2020-07-09 07:09:15.923778+00:00,2020-07-15 03:26:11.140145+00:00,15,12,12,3,1,0,1,0.4,0
817,3,2020-07-09 09:12:27.512447+00:00,2020-07-09 09:58:28.146883+00:00,3,3,3,1,0,0,1,1.0,1
818,2,2020-07-09 13:15:43.275083+00:00,2020-07-14 02:52:01.392822+00:00,1,1,2,2,0,0,1,1.0,1
819,20,2020-07-10 01:39:40.258379+00:00,2020-07-14 15:20:17.102771+00:00,9,8,10,2,1,-2,0,0.5,0
820,2,2020-10-04 06:58:33.525672+00:00,2020-10-04 06:59:18.597531+00:00,1,1,1,1,0,-1,0,0.5,1
821,7,2020-07-10 05:44:27.830752+00:00,2020-07-13 10:45:34.947904+00:00,3,3,3,2,0,-2,0,0.42857142857142855,1
822,26,2020-07-14 05:07:11.707199+00:00,2020-07-15 03:16:23.124699+00:00,8,7,7,2,0,4,0,0.2692307692307692,0
823,9,2020-07-10 13:47:31.563158+00:00,2020-07-12 15:32:27.156756+00:00,8,8,8,2,0,0,1,0.8888888888888888,0
824,4,2020-07-11 09:39:30.962357+00:00,2020-07-11 12:57:02.284745+00:00,3,3,3,1,0,0,1,0.75,1
825,3,2020-07-11 08:38:20.330291+00:00,2020-07-11 08:39:28.035048+00:00,1,1,1,1,0,-2,0,0.3333333333333333,1
826,1,2020-07-12 07:57:29.553378+00:00,2020-07-12 07:57:29.553378+00:00,1,1,1,1,0,0,1,1.0,1
834,3,2020-11-16 05:47:54.823246+00:00,2020-12-26 08:02:09.645001+00:00,2,0,0,2,0,-1,0,0.0,1
835,2,2020-07-25 03:38:32.150478+00:00,2020-08-02 07:13:17.454974+00:00,1,1,2,2,0,0,1,1.0,1
837,1,2020-07-30 03:47:58.841351+00:00,2020-07-30 03:47:58.841351+00:00,1,1,1,1,0,0,1,1.0,1
838,5,2020-07-31 03:41:45.808296+00:00,2020-08-02 03:59:55.542749+00:00,4,4,4,2,0,-1,0,0.8,1
839,1,2020-08-01 12:27:00.913100+00:00,2020-08-01 12:27:00.913100+00:00,1,1,1,1,0,0,1,1.0,1
840,45,2020-08-11 12:15:29.013719+00:00,2021-03-06 14:38:00.395271+00:00,28,25,25,16,14,-1,0,0.5555555555555556,0
841,5,2020-08-22 06:43:03.169200+00:00,2020-08-22 06:47:16.713875+00:00,1,1,1,1,0,-2,0,0.2,1
844,26,2020-08-31 14:15:44.351976+00:00,2021-04-01 03:16:09.045648+00:00,15,15,15,6,2,0,1,0.5769230769230769,0
846,1,2020-09-06 02:02:23.574938+00:00,2020-09-06 02:02:23.574938+00:00,1,1,1,1,0,0,1,1.0,1
847,1,2020-09-06 03:42:19.005855+00:00,2020-09-06 03:42:19.005855+00:00,1,1,1,1,0,0,1,1.0,1
848,13,2020-10-04 06:15:12.608848+00:00,2020-10-06 06:33:01.062425+00:00,9,7,7,2,7,-2,0,0.5384615384615384,0
849,4,2020-12-09 13:00:25.363358+00:00,2021-06-03 05:41:58.653651+00:00,3,1,1,3,2,0,1,0.25,1
850,630,2020-09-23 09:02:41.385432+00:00,2021-06-29 14:01:24.061369+00:00,247,231,248,48,67,0,1,0.39365079365079364,0
851,479,2020-09-22 14:24:24.013499+00:00,2021-06-21 10:16:51.424599+00:00,159,153,159,43,113,4,0,0.33194154488517746,0
862,13,2020-10-08 10:22:06.518626+00:00,2020-10-08 10:30:42.267646+00:00,1,0,0,1,0,-2,0,0.0,1
865,428,2020-09-23 08:54:04.830873+00:00,2021-06-21 11:07:18.225671+00:00,226,223,241,62,68,-1,0,0.5630841121495327,0
870,676,2020-09-24 01:24:27.670141+00:00,2021-06-28 13:23:19.583065+00:00,203,177,208,58,67,-2,0,0.3076923076923077,0
871,334,2020-09-28 10:42:25.649948+00:00,2021-06-21 11:55:46.400806+00:00,121,112,118,36,48,-1,0,0.3532934131736527,0
872,414,2020-09-24 02:19:25.748575+00:00,2021-04-29 08:18:09.114514+00:00,110,95,108,38,71,4,0,0.2608695652173913,0
873,630,2020-10-04 11:56:23.286650+00:00,2021-06-24 01:34:18.180874+00:00,163,132,193,60,97,-2,0,0.30634920634920637,0
874,487,2020-09-24 05:17:05.931613+00:00,2021-06-22 07:26:13.417806+00:00,175,157,184,52,107,0,1,0.37782340862423,0
875,395,2020-09-28 11:01:07.588565+00:00,2021-06-21 13:46:06.239342+00:00,141,130,155,55,86,-1,0,0.3924050632911392,0
876,512,2020-09-28 05:56:42.778255+00:00,2021-07-21 07:13:15.611469+00:00,108,92,159,39,60,0,1,0.310546875,0
877,347,2020-09-28 11:48:26.444708+00:00,2021-01-11 11:53:40.387858+00:00,141,132,150,48,80,0,1,0.4322766570605187,0
878,469,2020-09-24 06:54:37.090741+00:00,2021-06-21 10:41:43.698833+00:00,150,123,132,43,86,-2,0,0.2814498933901919,0
879,287,2020-10-02 09:37:58.023356+00:00,2021-06-29 10:59:40.034445+00:00,136,98,98,43,70,0,1,0.34146341463414637,0
880,528,2020-09-28 05:08:34.472942+00:00,2021-06-24 07:59:27.707568+00:00,142,124,178,70,106,-2,0,0.3371212121212121,0
881,472,2020-09-28 08:45:15.211710+00:00,2021-06-21 10:43:04.701671+00:00,166,144,161,47,76,-1,0,0.3411016949152542,0
882,588,2020-10-07 05:29:45.834704+00:00,2021-06-29 10:00:40.554326+00:00,137,111,121,41,131,4,0,0.20578231292517007,0
883,716,2020-09-24 06:13:57.034209+00:00,2021-06-16 07:59:01.098571+00:00,250,233,256,56,119,0,1,0.3575418994413408,0
884,409,2020-09-28 10:33:04.207551+00:00,2021-04-29 08:27:28.308826+00:00,125,107,117,30,55,4,0,0.2860635696821516,0
885,487,2020-10-07 07:23:56.487171+00:00,2021-07-08 00:43:19.898035+00:00,191,174,243,59,90,0,1,0.4989733059548255,0
886,735,2020-09-28 07:49:30.684698+00:00,2021-06-21 11:10:54.818135+00:00,271,260,268,69,86,0,1,0.36462585034013606,0
887,439,2020-09-28 10:17:46.426657+00:00,2021-06-29 14:44:55.140404+00:00,135,109,114,45,88,-2,0,0.25968109339407747,0
888,531,2020-09-28 12:41:12.164519+00:00,2021-06-21 11:47:38.642202+00:00,144,113,132,49,67,-1,0,0.24858757062146894,0
889,522,2020-09-24 05:34:44.694178+00:00,2021-06-16 07:58:28.945428+00:00,161,141,165,44,81,-1,0,0.3160919540229885,0
890,1000,2020-09-28 09:48:44.855108+00:00,2021-06-21 10:54:34.964534+00:00,230,196,211,47,161,-2,0,0.211,0
891,527,2020-09-28 11:29:11.432434+00:00,2021-06-21 12:44:11.727484+00:00,176,153,177,70,99,0,1,0.33586337760910817,0
892,367,2020-10-07 12:16:13.822742+00:00,2021-06-16 07:59:40.433278+00:00,134,116,121,44,70,-1,0,0.329700272479564,0
893,344,2020-10-08 13:19:35.426753+00:00,2021-06-16 07:54:45.087077+00:00,71,51,53,20,58,-2,0,0.15406976744186046,0
896,256,2020-10-07 05:05:20.496524+00:00,2021-06-21 10:12:45.244325+00:00,93,73,75,27,31,-1,0,0.29296875,0
899,17,2020-10-21 09:23:12.573578+00:00,2020-10-25 03:42:19.021405+00:00,5,4,5,2,0,0,1,0.29411764705882354,1
900,455,2020-09-24 13:51:03.252894+00:00,2021-06-22 08:38:03.618466+00:00,192,177,183,66,86,-2,0,0.4021978021978022,0
901,2,2020-11-05 05:40:57.737429+00:00,2020-11-05 05:41:30.580017+00:00,1,1,1,1,0,-1,0,0.5,1
906,33,2020-09-24 08:24:35.394264+00:00,2020-10-07 01:53:18.198983+00:00,19,18,18,6,13,0,1,0.5454545454545454,0
907,81,2021-03-08 05:13:46.719834+00:00,2021-06-23 11:24:21.455796+00:00,22,21,36,16,7,-2,0,0.4444444444444444,0
910,63,2021-03-04 11:50:02.594079+00:00,2021-06-23 12:29:18.852002+00:00,22,19,27,16,7,0,1,0.42857142857142855,0
913,256,2020-10-07 13:34:37.210784+00:00,2021-01-11 11:56:38.981578+00:00,69,44,46,13,47,-2,0,0.1796875,0
916,993,2020-10-11 08:18:30.453123+00:00,2021-06-16 07:55:12.148514+00:00,127,106,110,52,232,4,0,0.1107754279959718,0
918,296,2020-09-26 07:06:15.931156+00:00,2021-06-27 11:50:32.381791+00:00,134,122,138,30,39,-1,0,0.46621621621621623,0
922,459,2020-10-07 11:03:42.542510+00:00,2021-06-16 07:45:26.056364+00:00,125,107,111,49,110,-2,0,0.24183006535947713,0
924,3,2020-09-26 16:47:55.673652+00:00,2020-09-26 16:48:19.174526+00:00,1,1,1,1,0,-2,0,0.3333333333333333,1
928,102,2020-10-26 09:13:50.118794+00:00,2021-01-11 12:08:27.004433+00:00,35,31,31,6,4,0,1,0.30392156862745096,0
930,39,2021-03-04 14:20:57.804984+00:00,2021-06-21 10:19:31.531520+00:00,22,22,24,11,14,0,1,0.6153846153846154,0
932,756,2020-09-27 10:55:32.945553+00:00,2021-06-16 07:52:38.789953+00:00,262,248,266,62,152,0,1,0.35185185185185186,0
933,27,2020-09-27 12:29:03.079380+00:00,2020-11-30 06:08:35.285775+00:00,9,5,5,4,0,4,0,0.18518518518518517,0
936,155,2020-09-28 04:33:20.431430+00:00,2021-04-13 14:57:45.933505+00:00,30,30,34,7,55,-2,0,0.21935483870967742,0
939,6,2020-09-28 05:42:24.753988+00:00,2020-09-28 07:36:47.826570+00:00,3,3,4,1,5,0,1,0.6666666666666666,1
940,530,2020-09-28 10:03:22.743834+00:00,2021-06-16 07:56:36.140016+00:00,154,122,124,58,125,-1,0,0.2339622641509434,0
941,518,2020-09-28 06:39:22.534563+00:00,2021-06-21 10:41:59.113191+00:00,120,95,98,39,94,-1,0,0.1891891891891892,0
942,447,2020-09-28 11:06:55.146711+00:00,2021-06-29 09:39:07.087560+00:00,130,119,138,57,92,-1,0,0.3087248322147651,0
943,440,2020-09-28 11:46:39.898599+00:00,2021-06-21 07:38:03.803878+00:00,147,133,171,37,119,-1,0,0.3886363636363636,0
944,522,2020-09-28 10:13:28.039401+00:00,2021-07-04 04:02:55.399763+00:00,181,165,185,65,75,0,1,0.3544061302681992,0
945,544,2020-09-28 11:01:20.186377+00:00,2021-07-21 08:27:10.828153+00:00,151,127,134,43,82,-1,0,0.24632352941176472,0
946,461,2020-10-04 09:12:21.183001+00:00,2021-06-28 12:23:28.723448+00:00,150,129,172,62,83,-2,0,0.37310195227765725,0
947,320,2020-10-07 12:09:30.890752+00:00,2021-06-28 12:22:41.921794+00:00,133,111,113,51,41,-1,0,0.353125,0
948,765,2020-10-07 05:12:08.414899+00:00,2021-06-29 06:14:52.545216+00:00,140,115,148,48,151,-1,0,0.1934640522875817,0
949,795,2020-09-28 10:33:20.986708+00:00,2021-07-05 05:08:05.373508+00:00,259,236,250,73,63,-1,0,0.31446540880503143,0
950,765,2020-09-28 06:14:32.956902+00:00,2021-06-29 07:35:23.020168+00:00,238,216,231,59,121,-1,0,0.30196078431372547,0
951,743,2020-09-28 10:33:38.682150+00:00,2021-06-16 07:52:49.936233+00:00,102,77,101,35,144,-2,0,0.13593539703903096,0
952,181,2020-09-28 12:05:16.126399+00:00,2021-06-16 07:57:07.974327+00:00,62,41,42,18,14,-2,0,0.23204419889502761,0
953,424,2020-10-07 05:33:53.036007+00:00,2021-06-28 12:23:10.911660+00:00,145,124,171,63,61,-1,0,0.4033018867924528,0
954,503,2020-10-07 08:05:17.419907+00:00,2021-06-28 12:26:41.895132+00:00,135,116,131,54,113,-1,0,0.26043737574552683,0
955,502,2020-10-07 08:55:42.417582+00:00,2021-06-26 11:41:39.526779+00:00,180,155,167,49,77,-1,0,0.33266932270916333,0
956,611,2020-09-28 06:20:51.925591+00:00,2021-06-28 12:24:47.245073+00:00,144,127,167,62,122,0,1,0.2733224222585925,0
957,350,2020-10-07 06:40:06.155135+00:00,2021-06-16 07:58:20.546204+00:00,132,105,113,46,62,-1,0,0.32285714285714284,0
958,460,2020-09-28 06:09:08.255022+00:00,2021-06-16 07:56:07.919935+00:00,152,136,151,58,66,-1,0,0.3282608695652174,0
959,735,2020-09-29 13:13:59.357721+00:00,2021-06-29 15:26:07.983824+00:00,163,138,155,59,145,-2,0,0.2108843537414966,0
960,665,2020-10-07 05:52:37.290651+00:00,2021-06-29 06:12:13.867824+00:00,150,137,171,63,135,0,1,0.2571428571428571,0
965,669,2020-09-28 10:23:23.756619+00:00,2021-06-16 07:55:24.797990+00:00,121,100,108,49,139,-1,0,0.16143497757847533,0
966,833,2020-09-28 11:18:35.560394+00:00,2021-06-29 15:11:43.351264+00:00,120,105,112,36,156,-1,0,0.13445378151260504,0
967,605,2020-09-28 11:32:56.969001+00:00,2021-06-24 06:55:36.984896+00:00,167,148,156,44,139,0,1,0.2578512396694215,0
968,506,2020-09-28 12:30:43.889529+00:00,2021-06-29 01:34:30.341403+00:00,212,198,231,58,70,0,1,0.45652173913043476,0
986,2,2020-09-30 02:43:27.419429+00:00,2020-09-30 02:48:31.315655+00:00,2,1,1,1,0,-2,0,0.5,1
988,21,2020-10-01 12:38:50.097922+00:00,2020-10-05 13:03:32.510422+00:00,7,7,7,4,4,-2,0,0.3333333333333333,0
991,10,2020-10-01 19:00:52.147361+00:00,2020-10-02 12:07:53.224636+00:00,5,5,5,2,0,0,1,0.5,0
992,24,2020-10-02 00:50:58.130158+00:00,2020-10-11 13:28:36.045515+00:00,10,9,11,3,2,0,1,0.4583333333333333,0
993,1,2020-10-02 08:13:58.285614+00:00,2020-10-02 08:13:58.285614+00:00,1,1,1,1,0,0,1,1.0,1
994,24,2020-10-02 07:58:19.358998+00:00,2020-10-02 14:07:04.545528+00:00,9,9,9,1,0,0,1,0.375,0
995,50,2020-10-02 06:27:23.232219+00:00,2020-10-06 12:03:59.050172+00:00,14,13,14,4,21,0,1,0.28,0
997,4,2020-10-02 13:18:42.092040+00:00,2020-10-02 15:39:27.514688+00:00,4,4,4,1,0,0,1,1.0,1
999,4,2020-10-03 07:40:19.842668+00:00,2020-10-03 07:49:40.316249+00:00,2,2,2,1,0,0,1,0.5,1
1026,14,2020-10-07 00:57:47.323532+00:00,2020-10-07 13:39:38.726928+00:00,6,5,7,1,1,-1,0,0.5,0
1084,1,2020-10-05 12:47:29.232820+00:00,2020-10-05 12:47:29.232820+00:00,1,1,1,1,0,0,1,1.0,1
1086,72,2020-10-05 16:24:53.812187+00:00,2021-01-11 07:51:28.861025+00:00,44,44,48,16,17,-1,0,0.6666666666666666,0
1087,679,2020-10-06 02:54:37.336015+00:00,2021-06-21 10:44:31.273637+00:00,226,196,230,54,114,-1,0,0.3387334315169367,0
1093,829,2020-10-07 01:12:14.129500+00:00,2021-06-21 11:25:09.550405+00:00,166,146,233,64,122,0,1,0.2810615199034982,0
1095,471,2020-10-08 02:40:00.881788+00:00,2021-06-27 13:35:47.388866+00:00,128,112,127,45,75,-1,0,0.26963906581740976,0
1098,954,2020-10-08 03:27:39.495439+00:00,2021-06-21 10:14:37.359486+00:00,153,142,280,56,175,-1,0,0.29350104821802936,0
1099,483,2020-10-08 06:04:26.240929+00:00,2021-06-21 12:49:21.021707+00:00,159,130,150,57,82,0,1,0.3105590062111801,0
1102,1,2021-03-04 13:40:11.615748+00:00,2021-03-04 13:40:11.615748+00:00,1,0,0,1,0,-1,0,0.0,1
1103,167,2020-10-10 04:55:52.938744+00:00,2021-06-21 10:28:25.363834+00:00,48,42,45,15,7,0,1,0.2694610778443114,0
1106,1,2020-12-03 06:43:57.740061+00:00,2020-12-03 06:43:57.740061+00:00,1,1,1,1,0,0,1,1.0,1
1144,1,2020-10-13 08:53:59.634339+00:00,2020-10-13 08:53:59.634339+00:00,1,1,1,1,0,0,1,1.0,1
1148,1,2020-10-14 06:23:41.913952+00:00,2020-10-14 06:23:41.913952+00:00,1,1,1,1,0,0,1,1.0,1
1160,17,2020-10-16 09:55:30.854320+00:00,2020-10-16 10:07:13.014120+00:00,1,0,0,1,0,-2,0,0.0,1
1167,10,2020-10-25 16:39:13.360341+00:00,2020-10-26 02:33:44.191259+00:00,6,6,6,2,0,0,1,0.6,0
1170,3,2020-11-13 06:30:22.872649+00:00,2020-11-13 06:31:55.474848+00:00,1,1,1,1,0,-1,0,0.3333333333333333,1
1181,9,2020-10-23 12:29:08.469265+00:00,2020-10-23 12:38:31.374837+00:00,1,1,2,1,0,4,0,0.2222222222222222,1
1189,75,2020-10-26 09:16:03.724457+00:00,2021-01-11 12:09:27.478594+00:00,33,28,28,4,6,0,1,0.37333333333333335,0
1222,7,2020-10-26 09:17:57.777409+00:00,2020-10-26 11:20:01.586250+00:00,6,0,0,1,1,-2,0,0.0,1
1223,137,2020-10-26 09:14:56.046848+00:00,2021-01-11 12:02:01.004402+00:00,53,46,46,9,35,0,1,0.3357664233576642,0
1232,2,2020-10-27 02:44:18.466482+00:00,2020-10-27 02:46:35.801361+00:00,1,1,1,1,0,-2,0,0.5,1
1234,2,2020-11-01 12:24:35.690632+00:00,2020-11-01 12:24:50.708778+00:00,1,0,0,1,0,-2,0,0.0,1
1244,2,2020-10-28 07:00:13.266385+00:00,2020-10-28 07:01:15.216198+00:00,1,0,0,1,0,1,0,0.0,1
1272,9,2020-12-13 15:09:55.759187+00:00,2020-12-15 15:25:59.064191+00:00,3,1,1,2,0,4,0,0.1111111111111111,1
1286,56,2021-03-04 11:08:52.125593+00:00,2021-06-16 07:41:39.085085+00:00,21,18,21,12,3,-1,0,0.375,0
1287,20,2020-11-05 05:19:14.339006+00:00,2020-11-05 05:37:13.968234+00:00,1,1,1,1,0,-2,0,0.05,1
1301,75,2020-11-09 09:29:00.662092+00:00,2021-01-11 10:32:34.702551+00:00,31,27,28,5,18,-2,0,0.37333333333333335,0
1305,4,2020-11-09 14:04:43.631971+00:00,2020-11-09 14:07:01.452115+00:00,1,1,2,1,0,0,1,0.5,1
1316,122,2020-11-30 05:19:22.323767+00:00,2021-06-16 06:21:04.815000+00:00,57,50,50,12,18,-1,0,0.4098360655737705,0
1348,1,2020-11-24 12:12:06.036853+00:00,2020-11-24 12:12:06.036853+00:00,1,0,0,1,0,-2,0,0.0,1
1375,57,2021-03-04 13:46:01.302062+00:00,2021-06-21 10:23:05.943634+00:00,22,22,25,12,11,-1,0,0.43859649122807015,0
1402,88,2021-03-04 13:24:30.279634+00:00,2021-06-21 11:00:32.801610+00:00,22,21,23,15,7,-2,0,0.26136363636363635,0
1404,5,2021-01-09 07:08:34.233226+00:00,2021-01-09 07:14:27.866165+00:00,1,0,0,1,0,-2,0,0.0,1
1418,2,2020-12-22 08:57:12.468132+00:00,2020-12-22 08:58:08.432165+00:00,1,0,0,1,0,-2,0,0.0,1
1434,2,2020-12-23 03:06:40.319016+00:00,2020-12-23 03:06:58.140764+00:00,1,1,1,1,0,-1,0,0.5,1
1440,17,2021-06-25 08:58:03.441590+00:00,2021-07-07 06:17:01.282414+00:00,2,2,8,2,0,0,1,0.47058823529411764,1
1447,119,2021-01-01 08:35:05.923840+00:00,2021-01-19 04:18:51.658650+00:00,67,58,59,16,0,-1,0,0.4957983193277311,0
1456,6,2021-01-03 02:43:51.442101+00:00,2021-01-03 02:59:08.741963+00:00,1,1,1,1,0,4,0,0.16666666666666666,1
1458,2,2021-01-04 05:23:39.949996+00:00,2021-01-04 05:23:48.429639+00:00,1,1,2,1,0,0,1,1.0,1
1463,10,2021-01-04 14:57:10.404443+00:00,2021-01-04 15:14:16.325886+00:00,1,1,3,1,0,-2,0,0.3,1
1477,322,2021-01-14 11:37:52.364120+00:00,2021-06-01 15:16:38.569942+00:00,13,2,68,14,27,-2,0,0.2111801242236025,1
1479,560,2021-01-09 07:35:44.505774+00:00,2021-03-24 02:45:55.282821+00:00,127,119,202,25,127,-1,0,0.3607142857142857,0
1481,178,2021-01-10 06:19:07.806680+00:00,2021-03-23 02:25:08.237946+00:00,61,49,50,29,13,-2,0,0.2808988764044944,0
1483,4,2021-01-09 08:10:14.097030+00:00,2021-01-09 08:13:20.877199+00:00,1,1,2,1,0,4,0,0.5,1
1484,24,2021-03-16 12:06:03.835070+00:00,2021-03-23 17:10:25.149787+00:00,8,8,15,3,0,0,1,0.625,0
1485,64,2021-01-18 11:55:24.164263+00:00,2021-03-23 14:48:40.450571+00:00,26,26,29,11,18,0,1,0.453125,0
1486,56,2021-01-09 12:05:27.429346+00:00,2021-02-04 01:22:54.623115+00:00,34,32,32,13,1,-2,0,0.5714285714285714,0
1487,106,2021-01-09 12:19:51.272005+00:00,2021-03-03 16:00:14.045853+00:00,18,16,36,6,6,-2,0,0.33962264150943394,0
1488,52,2021-02-23 05:51:18.258588+00:00,2021-03-24 12:34:52.724296+00:00,19,16,23,5,52,-2,0,0.4423076923076923,0
1489,157,2021-01-09 13:38:09.185027+00:00,2021-03-18 06:43:25.196461+00:00,80,66,77,19,9,-1,0,0.49044585987261147,0
1492,15,2021-01-10 02:36:04.278130+00:00,2021-03-20 12:41:56.644980+00:00,10,9,10,4,2,0,1,0.6666666666666666,0
1493,4,2021-01-10 07:43:39.768324+00:00,2021-01-10 07:44:59.761748+00:00,1,0,0,1,0,4,0,0.0,1
1499,23,2021-01-11 09:39:02.603301+00:00,2021-01-24 13:56:54.331815+00:00,9,9,11,2,3,-1,0,0.4782608695652174,0
1504,55,2021-01-12 07:55:31.089406+00:00,2021-03-24 14:44:45.136865+00:00,20,17,19,8,2,0,1,0.34545454545454546,0
1505,40,2021-01-11 06:01:24.624686+00:00,2021-01-14 10:42:19.365524+00:00,23,22,22,3,2,0,1,0.55,0
1508,131,2021-01-22 10:24:04.340454+00:00,2021-03-23 02:22:49.917081+00:00,83,81,82,18,8,0,1,0.6259541984732825,0
1509,10,2021-01-11 10:07:49.639341+00:00,2021-01-11 12:08:14.876863+00:00,7,7,7,1,0,-1,0,0.7,0
1510,257,2021-01-11 10:40:14.668410+00:00,2021-03-22 04:38:16.810401+00:00,99,81,82,38,39,4,0,0.31906614785992216,0
1514,3,2021-01-12 01:51:32.601452+00:00,2021-01-12 01:55:15.005220+00:00,1,1,1,1,0,4,0,0.3333333333333333,1
1515,114,2021-01-12 02:44:59.043256+00:00,2021-03-24 09:47:30.011619+00:00,54,45,58,24,12,0,1,0.5087719298245614,0
1516,246,2021-01-12 04:54:43.632499+00:00,2021-03-24 23:52:22.779395+00:00,89,86,90,16,52,-2,0,0.36585365853658536,0
1521,52,2021-01-14 03:50:12.384744+00:00,2021-03-19 03:22:54.679623+00:00,22,20,20,9,1,0,1,0.38461538461538464,0
1524,15,2021-01-14 16:14:57.712547+00:00,2021-03-18 12:19:51.876168+00:00,6,5,5,3,0,0,1,0.3333333333333333,0
1526,5,2021-01-19 07:22:00.458273+00:00,2021-01-19 12:49:02.723635+00:00,3,3,3,1,0,0,1,0.6,1
1527,103,2021-01-26 02:30:01.769917+00:00,2021-03-24 07:09:04.378092+00:00,65,63,65,15,9,4,0,0.6310679611650486,0
1528,104,2021-01-16 05:43:58.342220+00:00,2021-03-20 15:33:36.614430+00:00,14,13,19,7,14,-2,0,0.18269230769230768,0
1529,43,2021-02-02 08:25:58.940792+00:00,2021-03-24 02:11:17.303093+00:00,12,9,12,7,8,4,0,0.27906976744186046,0
1530,161,2021-01-16 08:40:23.700109+00:00,2021-03-24 12:59:48.524980+00:00,48,41,47,26,72,-2,0,0.2919254658385093,0
1531,4,2021-01-16 09:04:35.177909+00:00,2021-01-17 08:03:09.378452+00:00,1,1,1,2,0,-1,0,0.25,1
1532,36,2021-01-16 11:24:28.576216+00:00,2021-03-05 08:01:43.685826+00:00,17,13,13,5,6,4,0,0.3611111111111111,0
1534,3,2021-01-18 09:12:46.728254+00:00,2021-03-17 08:02:44.082624+00:00,3,2,2,2,0,0,1,0.6666666666666666,1
1536,9,2021-01-20 10:35:01.966866+00:00,2021-06-04 02:51:22.993632+00:00,2,1,2,3,0,-2,0,0.2222222222222222,1
1537,1,2021-01-23 10:38:45.047624+00:00,2021-01-23 10:38:45.047624+00:00,1,1,1,1,0,0,1,1.0,1
1538,16,2021-03-06 05:48:17.955439+00:00,2021-03-20 04:47:59.777336+00:00,8,8,10,3,6,0,1,0.625,0
1539,73,2021-01-25 09:34:38.118805+00:00,2021-03-21 03:22:27.511648+00:00,17,14,17,10,8,4,0,0.2328767123287671,0
1540,165,2021-01-22 05:25:48.487937+00:00,2021-03-17 07:38:07.364327+00:00,23,19,21,8,20,-2,0,0.12727272727272726,0
1541,2,2021-01-23 12:04:24.848610+00:00,2021-01-23 15:23:22.835251+00:00,2,1,1,1,0,0,1,0.5,1
1543,18,2021-03-04 11:15:41.788946+00:00,2021-03-24 13:40:47.110781+00:00,8,6,7,3,0,4,0,0.3888888888888889,0
1545,9,2021-01-26 07:08:51.463617+00:00,2021-01-26 09:14:37.089233+00:00,2,2,2,1,0,4,0,0.2222222222222222,1
1546,241,2021-01-26 12:29:41.510982+00:00,2021-03-03 15:56:03.663373+00:00,17,16,28,14,54,-2,0,0.11618257261410789,0
1547,1,2021-01-26 13:33:33.280388+00:00,2021-01-26 13:33:33.280388+00:00,1,1,1,1,0,0,1,1.0,1
1549,3,2021-01-28 01:57:55.557365+00:00,2021-01-28 04:48:32.677940+00:00,1,1,1,1,0,-2,0,0.3333333333333333,1
1551,51,2021-01-28 12:11:46.856301+00:00,2021-03-03 12:47:21.350158+00:00,8,8,8,6,7,-2,0,0.1568627450980392,0
1552,15,2021-01-30 07:17:44.387783+00:00,2021-03-23 12:18:00.025683+00:00,5,5,5,4,0,0,1,0.3333333333333333,0
1553,12,2021-01-31 03:40:55.793466+00:00,2021-03-18 10:46:59.452260+00:00,6,5,5,3,3,0,1,0.4166666666666667,0
1554,1,2021-02-01 10:26:02.472399+00:00,2021-02-01 10:26:02.472399+00:00,1,1,1,1,0,0,1,1.0,1
1555,61,2021-02-05 01:46:03.193709+00:00,2021-02-26 06:39:14.105691+00:00,29,27,29,9,4,-2,0,0.47540983606557374,0
1558,22,2021-02-08 13:20:59.850777+00:00,2021-03-17 07:57:44.043076+00:00,10,10,11,5,1,-2,0,0.5,0
1560,1,2021-02-09 02:16:49.279176+00:00,2021-02-09 02:16:49.279176+00:00,1,1,1,1,0,0,1,1.0,1
1561,63,2021-02-09 02:42:16.423316+00:00,2021-03-24 11:46:10.391692+00:00,31,24,24,9,27,4,0,0.38095238095238093,0
1563,133,2021-02-09 03:21:27.040583+00:00,2021-03-20 06:19:27.567103+00:00,32,26,29,9,30,0,1,0.21804511278195488,0
1564,169,2021-02-14 11:33:25.829864+00:00,2021-03-24 12:24:01.671958+00:00,33,32,36,11,68,4,0,0.21301775147928995,0
1565,2,2021-02-22 09:44:37.980961+00:00,2021-02-22 09:46:39.736969+00:00,2,1,1,1,0,0,1,0.5,1
1566,105,2021-02-21 09:35:09.453862+00:00,2021-03-24 14:32:04.419823+00:00,34,33,40,13,60,-2,0,0.38095238095238093,0
1567,6,2021-02-21 09:41:53.242705+00:00,2021-02-21 10:49:01.104274+00:00,1,1,1,1,0,-1,0,0.16666666666666666,1
1568,5,2021-02-23 13:55:00.021182+00:00,2021-02-23 14:46:23.856188+00:00,2,1,1,1,3,-1,0,0.2,1
1569,130,2021-02-25 02:06:04.773959+00:00,2021-03-05 10:04:21.064099+00:00,68,66,74,8,8,0,1,0.5692307692307692,0
1570,1,2021-02-27 11:25:32.152763+00:00,2021-02-27 11:25:32.152763+00:00,1,1,1,1,0,0,1,1.0,1
1571,119,2021-02-28 08:22:27.129833+00:00,2021-03-15 12:50:11.609698+00:00,41,39,47,8,0,-2,0,0.3949579831932773,0
1573,1,2021-03-07 01:53:10.036898+00:00,2021-03-07 01:53:10.036898+00:00,1,1,1,1,0,0,1,1.0,1
1582,122,2021-03-10 02:21:47.345179+00:00,2021-06-16 07:53:26.331085+00:00,19,18,50,23,17,-1,0,0.4098360655737705,0
1583,70,2021-03-03 10:08:14.595238+00:00,2021-03-24 23:22:53.567508+00:00,28,25,27,9,11,-2,0,0.38571428571428573,0
1585,65,2021-03-04 11:10:59.500201+00:00,2021-06-21 14:46:02.511168+00:00,22,19,26,12,5,-1,0,0.4,0
1587,9,2021-03-04 10:23:12.008926+00:00,2021-03-05 08:11:24.985925+00:00,7,7,7,2,0,0,1,0.7777777777777778,0
1588,30,2021-03-04 10:51:09.874223+00:00,2021-05-17 14:31:04.042857+00:00,5,4,14,7,6,0,1,0.4666666666666667,1
1589,11,2021-04-29 10:00:20.990223+00:00,2021-05-11 09:54:20.711523+00:00,10,8,8,5,2,0,1,0.7272727272727273,0
1594,128,2021-03-06 04:25:20.614270+00:00,2021-03-24 16:24:50.336628+00:00,35,29,29,16,4,-2,0,0.2265625,0
1595,83,2021-03-06 06:57:00.587609+00:00,2021-06-21 11:02:00.010136+00:00,32,30,36,21,36,-2,0,0.43373493975903615,0
1598,19,2021-03-14 07:18:32.843680+00:00,2021-04-15 07:44:32.903904+00:00,3,3,4,4,0,-1,0,0.21052631578947367,1
1600,18,2021-03-15 14:09:01.132301+00:00,2021-03-18 08:03:16.527508+00:00,13,12,14,4,1,0,1,0.7777777777777778,0
1602,27,2021-03-11 11:10:43.412437+00:00,2021-03-20 13:26:52.529162+00:00,12,6,6,6,2,0,1,0.2222222222222222,0
1605,15,2021-03-13 10:08:59.377440+00:00,2021-03-17 08:35:44.048958+00:00,4,4,4,3,2,-2,0,0.26666666666666666,1
1611,1,2021-03-16 09:12:30.297820+00:00,2021-03-16 09:12:30.297820+00:00,1,1,1,1,0,0,1,1.0,1
1612,1,2021-03-17 02:27:32.130054+00:00,2021-03-17 02:27:32.130054+00:00,1,1,1,1,0,0,1,1.0,1
1613,3,2021-03-17 02:52:02.971953+00:00,2021-03-17 03:08:26.633155+00:00,2,2,2,1,0,0,1,0.6666666666666666,1
1614,33,2021-03-17 02:54:20.857031+00:00,2021-03-22 05:52:24.002208+00:00,16,11,11,6,17,0,1,0.3333333333333333,0
1615,4,2021-03-17 11:35:39.930298+00:00,2021-03-17 12:25:58.633001+00:00,2,2,2,1,0,0,1,0.5,1
1616,49,2021-03-17 12:08:54.894125+00:00,2021-03-24 13:55:18.068069+00:00,14,7,11,4,8,-1,0,0.22448979591836735,0
1617,7,2021-03-18 02:09:28.162702+00:00,2021-03-18 02:42:01.170377+00:00,2,1,1,1,0,0,1,0.14285714285714285,1
1618,23,2021-03-18 03:01:04.153836+00:00,2021-03-19 04:49:39.326349+00:00,6,3,6,2,12,-1,0,0.2608695652173913,1
1621,78,2021-03-18 11:10:11.003603+00:00,2021-03-24 13:51:22.301005+00:00,20,15,17,6,2,-2,0,0.21794871794871795,0
1622,9,2021-03-18 14:10:35.249903+00:00,2021-03-24 05:50:13.217833+00:00,4,4,7,3,0,-1,0,0.7777777777777778,1
1623,6,2021-03-18 15:11:54.443944+00:00,2021-03-18 15:18:16.408041+00:00,1,1,1,1,0,-2,0,0.16666666666666666,1
1625,19,2021-03-20 03:50:19.589530+00:00,2021-03-24 10:04:57.007049+00:00,4,3,4,3,16,0,1,0.21052631578947367,1
1626,4,2021-03-20 07:14:53.172148+00:00,2021-03-20 08:24:19.174527+00:00,2,2,2,1,0,-2,0,0.5,1
1628,2,2021-03-21 07:49:26.012841+00:00,2021-03-21 08:02:27.164227+00:00,2,2,2,1,0,0,1,1.0,1
1630,5,2021-03-21 12:38:31.202956+00:00,2021-03-21 12:42:11.405692+00:00,1,0,0,1,0,-2,0,0.0,1
1631,7,2021-03-21 14:20:32.020165+00:00,2021-03-21 14:31:43.323129+00:00,1,0,0,1,7,-2,0,0.0,1
1633,1,2021-03-23 12:17:06.790574+00:00,2021-03-23 12:17:06.790574+00:00,1,1,1,1,0,0,1,1.0,1
1635,5,2021-03-26 05:02:13.730828+00:00,2021-03-26 05:12:04.336916+00:00,1,1,2,1,0,4,0,0.4,1
1641,5,2021-04-07 08:18:11.923784+00:00,2021-04-07 08:22:34.742882+00:00,1,0,0,1,5,-2,0,0.0,1
1647,1,2021-04-17 12:09:54.823949+00:00,2021-04-17 12:09:54.823949+00:00,1,0,0,1,0,-2,0,0.0,1
1648,4,2021-04-18 13:14:49.534367+00:00,2021-04-18 13:20:21.904360+00:00,1,1,2,1,0,4,0,0.5,1
1659,3,2021-05-08 13:06:33.995612+00:00,2021-05-08 13:22:31.514556+00:00,1,1,1,1,0,-1,0,0.3333333333333333,1
1663,3,2021-05-14 10:32:43.084573+00:00,2021-05-14 10:36:41.283756+00:00,2,2,2,1,2,-1,0,0.6666666666666666,1
1670,4,2021-06-10 06:50:05.834642+00:00,2021-06-10 06:52:51.393462+00:00,1,0,0,1,0,-1,0,0.0,1
1688,5,2021-07-03 07:45:39.061591+00:00,2021-07-03 08:34:15.299539+00:00,4,4,4,1,1,4,0,0.8,1
1690,1,2021-07-17 11:31:17.426265+00:00,2021-07-17 11:31:17.426265+00:00,1,1,1,1,0,0,1,1.0,1
1701,10,2021-07-13 03:01:30.055150+00:00,2021-07-13 13:35:34.340271+00:00,5,4,8,1,1,0,1,0.8,1
1702,5,2021-07-15 13:59:45.746981+00:00,2021-07-15 14:00:32.128109+00:00,1,1,2,1,0,-2,0,0.4,1
